passenger_id,first_name,last_name,email,phone
1,Linda,Santana,charleslandry@example.net,664-674-3671x3695
2,Andrew,Greer,khill@example.net,001-209-674-3953x39421
3,Kristina,Johnson,jessica14@example.com,001-662-732-8588x4247
4,Linda,Mcdonald,taylortammy@example.net,001-868-751-6048x1754
5,Daniel,Hall,harveysherry@example.com,+1-331-374-6120x047
6,Jimmy,Medina,qchavez@example.net,001-786-592-6179x640
7,Scott,Sampson,cory58@example.net,(706)543-1713x900
8,Vanessa,Buchanan,caseyhubbard@example.org,001-433-652-9042
9,Lauren,Rodriguez,andersonmichael@example.org,001-350-324-0268
10,Thomas,Strickland,hayesjeffrey@example.net,3849700766
11,Jennifer,Wallace,morriseddie@example.org,899-385-6984x789
12,Laura,Wilson,russellbeasley@example.com,376-361-5654x52711
13,Ryan,Garner,lisa80@example.net,+1-685-716-5604
14,Dale,Romero,dianewalker@example.org,(285)614-9368x998
15,Anthony,Nelson,sandra50@example.org,(896)812-0183
16,Shawn,Moore,jennifer99@example.org,9229901476
17,Robert,Lewis,reeddaniel@example.net,+1-497-684-0369x00343
18,Keith,Wilson,lburgess@example.org,(783)888-5160x6071
19,Ashley,Mckinney,zroberts@example.org,829-675-1613x69681
20,Julie,Walker,charlesschultz@example.net,435.952.3124x32921
21,Steven,Elliott,kmaldonado@example.net,+1-795-352-7177x4490
22,Lance,Hayes,woodjustin@example.net,999-586-7980
23,Marc,Alvarez,susanhayes@example.com,001-718-720-3778x892
24,Samantha,Hughes,erika05@example.org,818-464-4925x19254
25,Brooke,Hurley,angelica52@example.net,001-981-568-5054x235
26,Jeremy,Taylor,phillipskristin@example.net,001-988-205-9296x22292
27,Robert,Rhodes,tarabishop@example.net,838.834.7359x774
28,Tammy,Montoya,moniquewilliams@example.com,(881)381-4124x782
29,Stacey,Walker,bwilkerson@example.com,2687536153
30,Sarah,Combs,lacey20@example.com,827.379.0104x3289
31,Kimberly,Young,williamsrobert@example.net,811.279.8089x324
32,Christina,Allen,qlopez@example.org,651.288.8880x67065
33,Michael,Jones,jessicafuller@example.net,001-952-205-8527x7221
34,Kelly,Williams,ninastewart@example.com,868.874.0345x05415
35,Julia,Kline,lmorgan@example.com,001-675-784-1616x928
36,Curtis,Murphy,kirk96@example.org,001-775-470-5964x016
37,Stephanie,Thomas,ejohnson@example.org,001-455-769-0927x55719
38,Raymond,Banks,susanjohnson@example.org,386.481.4473x9473
39,Melissa,Hayes,zosborn@example.net,451-588-4422x58313
40,Kristy,Johnson,tanner82@example.net,314-467-8669
41,Teresa,Day,howens@example.com,(489)622-6801
42,Fred,Morris,michaeleverett@example.com,343-484-2498
43,Brittany,Carpenter,donnale@example.net,690-601-0943x96907
44,Timothy,Ballard,eevans@example.net,4277677359
45,Michelle,Flores,theresa25@example.net,+1-415-337-1473
46,Brent,Dougherty,kwright@example.com,001-953-227-8774
47,Christopher,Long,nlevy@example.net,(400)647-9748x016
48,Jessica,Gallagher,brandon09@example.net,658.341.6878
49,David,Davis,laura58@example.com,001-923-498-6800x02578
50,Catherine,Robertson,sarah52@example.com,+1-749-758-8879x470
51,Emily,Whitney,laura09@example.com,599-230-9728x962
52,Ashley,Graves,andrewedwards@example.org,(836)789-7028x38578
53,Sue,Stevens,amy49@example.com,934.784.3443
54,Timothy,Castro,keith98@example.com,(652)640-4157x4733
55,Derrick,Gilbert,johnsantiago@example.net,230.416.5712
56,Richard,Donovan,mwoods@example.com,440-619-3802x62067
57,Nancy,Smith,hebertmatthew@example.com,+1-688-472-8743x1527
58,Alexis,Rogers,ashley32@example.net,+1-266-685-1612x2753
59,Patrick,Griffin,stephanie49@example.net,001-404-853-0174
60,Gina,Leblanc,hannah45@example.net,932.572.7956
61,Kathleen,Becker,foxallison@example.com,491-408-8398
62,Mark,Meyer,frazierjennifer@example.com,287-907-2867
63,Emily,Parker,fosterlisa@example.net,391.906.5180
64,Anthony,Ortiz,katiegood@example.net,(456)576-6182x51286
65,Mary,Avila,steven86@example.net,(533)575-2431x0690
66,Carlos,Wheeler,tharper@example.org,606.573.8302
67,Lisa,Dennis,barbara53@example.com,(483)864-4089
68,Angela,Williams,shelly68@example.com,001-466-924-6287x334
69,Robin,Hart,igrant@example.com,543.251.7518
70,Joseph,Nunez,russojacob@example.net,001-583-873-5403x3173
71,Rose,Arnold,oscar85@example.com,258-577-1753x556
72,Joyce,Smith,mphillips@example.com,969.937.8547
73,Gary,Norton,donaldpayne@example.org,+1-508-301-0062
74,Jasmine,Smith,nbrooks@example.net,+1-697-270-0886x00848
75,Wayne,Wolfe,ldrake@example.org,682-833-9845
76,Christian,Chung,scunningham@example.org,910-816-6687x0021
77,Deanna,Rivera,jacobsonsamantha@example.org,297.440.1489
78,Sarah,Edwards,brendagoodwin@example.net,(714)229-3968x5621
79,Connor,Hall,petersonkayla@example.net,(850)347-7358x6629
80,Kelsey,Phillips,jennifermiller@example.org,(426)355-1104x7541
81,Jacob,Cole,fgarcia@example.com,+1-819-395-6046
82,Jenny,Hansen,ashleyjackson@example.com,(824)644-7212
83,Robert,Washington,wardsheryl@example.net,+1-879-793-7124x0659
84,Scott,Jordan,kevinmorrison@example.net,575.726.5479
85,Nicholas,Velasquez,kdiaz@example.org,001-382-880-7374
86,Emily,Taylor,john26@example.com,279-779-6886
87,Jacqueline,Burnett,rodriguezjohn@example.net,(529)509-6561x014
88,Sean,Myers,michaeljohnson@example.org,961-312-5457x3875
89,Samuel,Horton,carlos01@example.org,412-438-2825x86736
90,Danielle,Reynolds,mclaughlinnicole@example.com,001-366-403-3419
91,Michael,Gonzalez,bakermichelle@example.net,+1-659-369-6915x5792
92,Emily,Edwards,kevinwhite@example.net,(486)969-2966
93,Cynthia,Steele,angelaburns@example.org,(557)890-5072
94,Tamara,Wagner,fortiz@example.com,001-677-421-9034x043
95,Kimberly,Cunningham,hdunn@example.net,848-358-0783
96,Jill,Valdez,kennethkidd@example.com,451-571-3395x962
97,Lisa,Trujillo,amanda98@example.org,444-794-8126x04223
98,Maria,Juarez,kburns@example.net,766-271-1684x577
99,Misty,Boone,simonstephen@example.net,001-751-486-3637x454
100,Ashlee,Washington,patricia00@example.org,+1-670-312-7706x3242
101,Diamond,Wright,elizabeth20@example.com,+1-943-261-1037x1293
102,Alan,Cooper,mcneilrobert@example.org,413.361.1155x4262
103,Alyssa,Smith,scottbowen@example.net,001-826-797-3112x1965
104,Kylie,Wright,wrightcarolyn@example.net,+1-540-943-8983x640
105,Paul,Allen,ricetiffany@example.com,626-596-5827x10910
106,Bill,Brown,ohunter@example.net,566.461.8892x41418
107,Amanda,Myers,collinssamuel@example.org,6314617990
108,David,Zimmerman,martinstephanie@example.net,342.952.4105x64814
109,Spencer,Ward,kvillarreal@example.com,(241)591-3800
110,Brandon,Cox,haroldhorne@example.org,+1-763-353-6541
111,Wayne,Winters,jeffreyblack@example.org,(617)544-5187x0534
112,Steven,Vargas,xcuevas@example.org,001-883-620-6038x5050
113,Dalton,Moreno,robertwoodward@example.org,001-441-803-8657x191
114,Charles,Bradley,ibates@example.org,345-465-5743x1329
115,Daniel,Cole,richard85@example.org,447.341.1249x035
116,Jennifer,Schmitt,rpalmer@example.com,320-267-8831x712
117,Bryan,Norman,davidcolon@example.com,+1-219-994-1013x72151
118,Brent,Glass,zunderwood@example.com,9664253244
119,Austin,Harvey,deborahporter@example.net,701.946.2638x3806
120,Amy,Washington,paul20@example.com,+1-530-540-7859x321
121,Joseph,Velasquez,gallagherstacie@example.net,(452)523-9559x0599
122,Mary,Cochran,lweaver@example.com,2107393087
123,Samantha,Harris,matthewthompson@example.com,7028921851
124,Brenda,Rogers,derek26@example.net,452.289.5392x6442
125,Stacy,Fry,xrosales@example.net,4297593917
126,Julie,Young,gary15@example.com,2438315410
127,Samuel,Barnes,nicolesnyder@example.com,(286)717-9327x104
128,Jose,Garcia,george62@example.net,481-859-9706
129,Eric,Garcia,terriortiz@example.net,001-284-744-3106x9872
130,Adam,Miller,bgonzalez@example.org,(641)371-4677
131,Darlene,Hughes,nicole52@example.com,4473743490
132,Christopher,Cooper,larellano@example.org,+1-906-686-8793
133,Christian,Orr,shawrachel@example.net,+1-592-417-2233x20616
134,Mary,Scott,millerangela@example.net,348-370-9986x16229
135,Anna,Garcia,mikayla56@example.com,(279)897-0246x2996
136,Pamela,Rivera,brandonalvarez@example.com,(705)644-4713x247
137,Jessica,Jacobs,lopezjason@example.com,001-278-450-8214x8628
138,James,Whitaker,wrightstephen@example.com,001-934-457-8610x357
139,Susan,Wells,max41@example.com,6608293333
140,William,Hancock,wellsdavid@example.org,+1-503-949-4466x574
141,Kevin,Meyer,asilva@example.net,+1-658-699-4417x15454
142,Jacob,Holmes,racheltrujillo@example.net,(552)707-4466x6099
143,Jessica,Walker,qknox@example.com,542.782.4172x48251
144,Jeffrey,Savage,vfrench@example.com,594-371-7099x917
145,Mikayla,James,robert22@example.org,969-672-5217x52500
146,Jason,Ayala,tracygallagher@example.org,(296)566-6760
147,Jessica,Dodson,katherine83@example.org,+1-203-635-4216x89421
148,Stacy,Bryant,ryan25@example.com,(432)360-3323x098
149,Michael,Santos,brooksdanielle@example.net,+1-609-901-0016x761
150,Jacqueline,Harris,turnerdorothy@example.net,549.592.6189x14117
151,Kimberly,Decker,michaelortiz@example.org,3873375300
152,Mary,Caldwell,stacychan@example.org,001-714-737-4470x1204
153,Ronald,Wilson,smithdevon@example.net,(455)379-4155
154,Richard,Rivers,mary76@example.net,(912)402-1697
155,Cheryl,Maxwell,huffmannichole@example.net,(777)216-7014
156,Janet,Gregory,tiffanysantiago@example.com,489.916.3756x28900
157,Melissa,Booth,waltonmalik@example.com,908-338-6631x779
158,Melissa,West,hooperjulie@example.org,666-508-8019
159,Diamond,Bryant,michael03@example.com,789-397-5711x30554
160,Brandon,Martin,lydianewton@example.com,549-733-1637
161,Daniel,Perry,bartonshannon@example.net,001-982-470-8086
162,Heather,Thompson,dalesandoval@example.net,686-769-3465x47226
163,Jennifer,Walls,jamesweber@example.com,+1-652-828-8515x87996
164,Lindsey,Mills,jamesbrian@example.org,242.744.2043
165,Lisa,Garcia,juliahoffman@example.org,540.766.6580x04397
166,Kari,Payne,kimberlybrandt@example.com,621.422.8160x648
167,Eugene,Singleton,riverajenna@example.org,7253909479
168,Kristen,Stewart,susanmeyer@example.net,(768)786-1533
169,Michael,Robinson,wbarajas@example.net,7158739930
170,Ruth,Landry,uscott@example.com,5857887704
171,Willie,Vaughan,teresaayala@example.net,3134361386
172,Andrew,Love,millerbrian@example.com,+1-819-734-6676
173,Andre,Nunez,maychristine@example.net,001-301-658-1449
174,Kathy,Kim,bshort@example.com,(783)226-8424
175,Angela,Peters,williamsashley@example.com,+1-481-443-5368
176,Jack,Jensen,james29@example.org,001-487-581-4141x39755
177,Craig,Harvey,louishayes@example.net,+1-849-629-9556x20533
178,Mary,Taylor,natalie77@example.com,001-347-281-2914x28341
179,Melissa,Welch,nhammond@example.org,+1-648-487-2563
180,Steven,Dixon,acox@example.net,492.982.7229
181,Sheila,Williams,qhall@example.com,203.785.6770
182,Dakota,Schmitt,mary49@example.net,001-826-565-9184
183,Zachary,Gomez,tommy79@example.org,327.523.1843x22259
184,Robert,Rivera,olsontimothy@example.org,001-426-403-0299
185,Crystal,Williams,brianscott@example.org,869.490.4137x97723
186,Laura,Hoover,cindydixon@example.org,001-857-499-1366x2103
187,Catherine,Thompson,richamanda@example.org,772-298-0686
188,Heidi,Patterson,yclarke@example.com,001-691-862-4731
189,Jonathan,Smith,lanedavid@example.org,(735)665-1269x4486
190,Victoria,Sanders,robertbowers@example.com,(858)487-4495
191,Melissa,Hopkins,seanlyons@example.org,838-265-8902
192,Linda,Morrow,bfrost@example.org,643-251-9066
193,Sonya,Wilkins,mgonzales@example.net,443.309.8839x20530
194,Wendy,Chan,elizabeth69@example.org,901.818.4895x54393
195,Bailey,Green,jhunter@example.org,745.918.4894x76973
196,Erin,Mosley,olsonjonathan@example.com,+1-833-756-5880x4341
197,Charles,Velazquez,nedwards@example.net,723-473-3343x333
198,Kimberly,Wilson,loweelizabeth@example.net,6809759579
199,Ian,Duran,raymond92@example.org,267.280.8562x71875
200,Emily,Gray,nguyenchloe@example.com,(484)934-7955
201,Rodney,Barnes,michael64@example.com,(892)893-1438
202,James,Marsh,thomassmith@example.com,428.285.7448x9061
203,Jason,King,colematthew@example.com,(488)645-0615x939
204,Michael,Nunez,champton@example.org,(494)772-2569x9611
205,Jeremy,Stewart,jennifer96@example.com,359.587.6220x234
206,Garrett,Garcia,zunigathomas@example.org,8686114921
207,Jerome,Rojas,isims@example.net,(900)455-7784
208,Tara,Wolfe,brittanybryant@example.net,+1-796-888-4578x3174
209,Jordan,Torres,millskatherine@example.org,(547)280-7740x649
210,Amy,Lopez,kfoster@example.net,001-666-834-1638x9448
211,Jacob,Jones,keithwalsh@example.net,349.673.5020x802
212,Joseph,Espinoza,halledward@example.com,356.447.5705
213,Brian,Rowe,danielshunter@example.com,(901)836-7303x7183
214,Erin,Collins,eric08@example.net,547-843-5031
215,Mark,Jackson,brenda63@example.org,9973925132
216,Gina,Morgan,browndeanna@example.net,+1-512-273-5857
217,Hannah,Howard,johnwilliams@example.net,684.487.3928x557
218,Casey,Moore,lori85@example.com,7863209593
219,Dominique,Ryan,rlee@example.com,001-482-294-5651x18102
220,James,Washington,johnsondarlene@example.com,+1-378-999-4053x91037
221,Laurie,Brown,yshort@example.net,3943801413
222,Jessica,Schmidt,jamessandoval@example.net,+1-828-786-1957x6122
223,Diane,Ferguson,umahoney@example.net,956-965-9398x36845
224,Susan,Smith,birdcaitlin@example.net,(440)343-3504
225,Benjamin,Kelly,josephpreston@example.org,744.919.6931
226,Gerald,Petersen,larsonkevin@example.net,001-561-205-5661
227,Cynthia,Chen,torresblake@example.net,001-325-583-2067
228,Ryan,Hartman,davidmiller@example.net,001-508-964-1686x2278
229,Randall,Duncan,johnadams@example.com,491-716-6553x55904
230,Christina,Branch,chanson@example.org,435.621.1039
231,Alexander,Benson,torresthomas@example.com,483.238.8487
232,Nicholas,Escobar,scottbrian@example.org,001-694-807-0164x510
233,Jerry,James,mckeetodd@example.net,+1-512-638-7800
234,Matthew,Long,andrewsutton@example.com,+1-743-884-0460x8432
235,Diane,Miller,rmeyer@example.net,+1-536-439-2649x5782
236,Bianca,Sutton,michelleparker@example.net,226.729.2518x81252
237,Nicole,Gutierrez,vturner@example.net,001-542-531-2209x9499
238,Jerry,Johnson,wattsthomas@example.net,+1-875-226-7722x330
239,Sara,Clements,juliamcneil@example.org,827-297-5736
240,Cathy,Holloway,phillip99@example.net,208.517.7038x86086
241,Kelly,Sanders,kim47@example.org,(449)808-2771x81298
242,Robert,Hayes,shawnmosley@example.org,814.452.1117x518
243,Nicholas,James,rhondacunningham@example.net,(622)420-6447
244,David,Anderson,adamcannon@example.org,877.980.9733x977
245,Christopher,Greene,nicoleramirez@example.net,+1-230-622-0502
246,Mark,Miller,butlergregory@example.net,799-898-2795x0145
247,Lori,Chang,carterdennis@example.net,358-968-3390x198
248,Jennifer,Jacobs,ronald54@example.net,001-995-429-9787
249,Nicole,Hall,tiffany01@example.org,513.696.6055x830
250,Jonathan,Jones,william50@example.org,+1-455-969-9023x55770
251,Eric,Murray,steven60@example.net,295-788-0395x5124
252,Tonya,Sims,ashleyprice@example.net,745-904-6173
253,Maria,Turner,gregory50@example.org,978-607-8235
254,Kimberly,Thomas,shortsharon@example.net,(230)376-8104
255,Mathew,Small,meyerdonna@example.com,7949353344
256,Emily,Nelson,joshuasmith@example.net,+1-481-638-5854
257,Audrey,Jackson,christina58@example.com,8208701601
258,Harold,Carlson,tjensen@example.com,981.679.2171
259,Gabrielle,Mckinney,oruiz@example.org,+1-345-762-5577x017
260,Timothy,Singleton,katrina99@example.org,516.415.8148x76963
261,Terri,Reyes,jared96@example.com,001-958-732-1971
262,Angela,Short,kylesullivan@example.net,296-457-0132
263,Donna,Chavez,peter97@example.org,254.894.6519
264,Melanie,Phelps,woodana@example.org,8857140369
265,Jennifer,Sullivan,qgardner@example.org,223.486.5624x2201
266,Jennifer,Tucker,iproctor@example.org,(867)996-9278
267,Paul,Perez,kjacobs@example.com,001-338-946-8950x0975
268,Suzanne,Miller,steven18@example.net,737-218-9490
269,Taylor,Hunt,vberry@example.com,(444)220-9494x079
270,Diana,Carter,mitchellchristopher@example.net,344-429-4440
271,Renee,Stevenson,lwood@example.com,001-837-828-0512x927
272,John,Alexander,jasonnavarro@example.com,9415027674
273,Noah,Thornton,hbaker@example.com,7478658018
274,Cheryl,Pearson,matthew41@example.com,+1-296-373-9385x2580
275,Alexander,Davis,jenningsmichael@example.net,343-400-9109x3911
276,Nicholas,Gallagher,pauladominguez@example.com,871-774-6542x1406
277,Wendy,Scott,gregory17@example.org,+1-662-371-2863x917
278,Austin,Jones,kimberly07@example.org,+1-800-864-2569x0877
279,Megan,Norman,fernandezaaron@example.net,001-371-998-5546x01585
280,Kathleen,Roberts,gregorywilliams@example.com,+1-534-961-5717x32030
281,Paul,Sparks,victor70@example.org,205-406-1387x82931
282,Tracy,Smith,sanchezdeborah@example.org,(304)317-9291
283,Tyler,Lloyd,bryanharris@example.com,001-365-319-8253x0925
284,Joshua,Todd,heathertran@example.com,990.321.9620
285,Adam,White,mannbrittney@example.com,(472)932-4876x32909
286,Cheryl,Miller,michael08@example.org,918.519.5883
287,Joshua,Lee,ginaschmitt@example.com,222.300.5436x4597
288,Joy,Buckley,ericjohnson@example.net,713-579-9563
289,Kimberly,Nguyen,youngrobert@example.org,(831)779-7062x3972
290,Derek,Cortez,theresa35@example.org,4907421776
291,Jeffrey,Phillips,kristinelittle@example.net,(998)931-6873
292,Joshua,Blair,johnhamilton@example.org,001-229-806-0078
293,Amanda,Mendoza,chavezjohn@example.net,001-206-932-5431x07427
294,Steven,Taylor,xlopez@example.net,501.365.8046x498
295,Christine,Rogers,robertsonrenee@example.com,4163579055
296,Ann,Ayala,tinaallen@example.org,+1-779-733-5548x6401
297,Shaun,Mason,harrisonamanda@example.net,379-451-3711x6241
298,Joshua,Terry,nhernandez@example.net,+1-304-268-2756x7043
299,Monica,Hall,robert55@example.com,001-488-677-4924
300,Jeremy,Watson,kayla02@example.com,272-792-8422x2231
301,Autumn,Alexander,jack80@example.net,952-757-8284x10672
302,Eric,Cordova,deborah47@example.com,001-892-597-5170x28140
303,Sean,Davis,franklinjames@example.net,843.501.8718
304,Tracy,Morrison,kerrmichael@example.org,001-365-565-0455x478
305,Jessica,Wallace,slara@example.org,001-366-829-9123x4785
306,Christopher,Ortiz,robert87@example.net,001-623-626-4870
307,Troy,Singh,anthonysmith@example.com,771-946-2730x1471
308,Ariana,Oneill,hmccann@example.com,690.742.9025x72520
309,Robert,Barr,brandon48@example.net,783-621-9285
310,Joseph,Wolfe,cody95@example.org,3285457652
311,Eric,Walker,laurahansen@example.net,488.916.7112x07545
312,Pamela,Harper,gerald40@example.net,332-823-4232
313,Hannah,Bowers,smithtodd@example.com,6312089071
314,Carl,Contreras,pattonsamantha@example.org,001-732-750-1249
315,Ethan,Mason,williamjones@example.net,001-408-933-4280x13875
316,Emily,Rodriguez,tina63@example.net,961.751.7182
317,Janet,Hawkins,millertristan@example.com,779-447-3864x6317
318,Alexander,Craig,sandersalexandra@example.net,712-566-9121
319,Matthew,Larson,bmartinez@example.net,449.994.6579x6784
320,Daniel,King,ihall@example.org,401-670-2695
321,Christy,Davis,guerreroapril@example.com,234.877.8485x880
322,Nicole,Wilson,yedwards@example.com,900.328.4276x246
323,Ashley,Henry,kalvarez@example.net,7642796954
324,Anthony,Williams,michael90@example.net,361-365-5650x33349
325,Misty,Wilson,andrewnguyen@example.com,+1-769-386-4079x05696
326,Lindsey,Garcia,matthewshaw@example.net,629-845-6371x83440
327,Linda,Weber,robbinsbelinda@example.net,741-598-7635x14846
328,Robert,King,jpowers@example.org,8822973748
329,Alexa,Diaz,johnfrancis@example.com,(365)413-6442x49363
330,James,Sanchez,steven86@example.com,+1-203-224-2044x8207
331,Michele,Miller,michelle65@example.net,+1-316-523-1981x89847
332,Carol,Mejia,mark96@example.net,001-236-932-1234x7649
333,Amanda,Lyons,stewartrodney@example.net,242.257.5409
334,Hannah,Mccormick,johnnycruz@example.net,001-551-683-7606x441
335,Jason,Zamora,zwelch@example.net,(704)817-7656x12481
336,Carrie,Li,shawn00@example.net,+1-527-420-6345x9112
337,Melanie,Jennings,shannon24@example.org,+1-295-543-1652x66930
338,Rebecca,Mccann,josechristian@example.org,(896)994-2152x9108
339,Margaret,Snyder,jenniferlee@example.com,476-226-3934x3626
340,Kelly,Green,xsolomon@example.net,+1-371-207-2563x66941
341,Brett,Galvan,modonnell@example.net,+1-200-448-9646x528
342,Jorge,Gordon,natalie21@example.com,001-886-624-1502x745
343,Raven,Baker,zachary62@example.com,001-672-487-0320x3207
344,Janice,Graham,wwilliams@example.net,+1-577-671-2151
345,Henry,Jackson,anna93@example.net,7892261371
346,Justin,Zavala,longbrittany@example.org,720-417-7749x05097
347,Jason,Williams,marcus01@example.net,+1-861-864-2361x032
348,Justin,Goodwin,davidhenry@example.com,001-649-825-1583x7767
349,Christopher,Henderson,christina66@example.org,3856732788
350,Taylor,Miller,ievans@example.net,838-864-9081x0818
351,Cody,Guerrero,michael91@example.net,6177226016
352,Brenda,Gibson,qhanson@example.com,(232)219-4168
353,Randall,Smith,zstevens@example.net,001-597-349-9564x1220
354,Lisa,Horton,micheleclark@example.net,(936)883-1472
355,Andrew,Martin,joannewallace@example.com,807.893.3496x0501
356,Melinda,Mclaughlin,benjamin67@example.net,001-797-330-8069
357,Joseph,Wong,nwilson@example.net,(576)702-4375x738
358,Sandra,Castaneda,sanderson@example.net,001-466-557-2934x172
359,Eric,Vasquez,fhahn@example.com,438.200.5452
360,Lindsay,Morgan,williamsondavid@example.org,945.350.8428x9107
361,Theresa,Harrington,colonbobby@example.org,(313)452-4787
362,Deborah,Cook,davidharris@example.com,001-403-875-4821x45653
363,Kristin,Taylor,agutierrez@example.com,250.872.0811x55626
364,Katherine,Keller,rachelbrown@example.net,001-484-866-8455x048
365,Sean,Harris,zterry@example.net,(334)610-8562x8843
366,Adrienne,Sherman,andrewzamora@example.net,001-643-746-8105
367,David,Sherman,westashley@example.org,453.899.8935x449
368,April,Wright,zachary35@example.com,926-561-1062
369,Sean,Wood,hchapman@example.com,997-467-7622x827
370,Tammy,Palmer,bensonstanley@example.org,001-428-351-9611x5940
371,Nathan,Ritter,kelly02@example.org,001-360-744-3270
372,Carlos,Williams,kberry@example.com,867-892-2877x72519
373,Jesse,Foster,rubiopamela@example.net,212-509-4818x139
374,Karen,Shaw,martinezsharon@example.org,7438397189
375,Brianna,Henry,morganhenry@example.org,456.641.1182x42241
376,Stephanie,Gregory,mendezmark@example.org,001-204-561-5265x461
377,John,Harper,trevorgoodwin@example.com,240-857-8617
378,Cynthia,Mcintyre,adamstabitha@example.net,538-424-9671
379,Nathaniel,Galloway,amandahenderson@example.net,600.879.4200x749
380,Yvette,Kirby,brendadixon@example.org,(689)814-1612
381,Jason,Wagner,nicole54@example.net,943.255.3795x020
382,Rachel,Chambers,speters@example.net,868.411.8071x5695
383,Mary,Cain,martinezmitchell@example.org,903.704.5319x433
384,Benjamin,Vasquez,adrianjoyce@example.net,(314)498-7283x9992
385,Julie,Anderson,nicoledaniel@example.com,208.794.8706
386,Ryan,Carney,david87@example.com,(580)730-4687x506
387,Christopher,Armstrong,mooneyjeremiah@example.net,(713)632-5411x07609
388,John,Wells,marissa58@example.org,299-271-7911
389,Nicholas,Wu,pattonbryan@example.com,6498611080
390,Richard,Williamson,mhall@example.net,+1-707-567-6991x507
391,Daniel,Smith,watkinsmary@example.net,(584)456-7972
392,Laura,Brown,breanna85@example.com,001-782-227-4954
393,Zachary,Sandoval,brianhunter@example.net,9659333153
394,Carol,Rivera,christina65@example.org,570-573-0337
395,Timothy,Tate,lindsay63@example.com,(405)601-5081
396,Scott,Welch,bradley03@example.org,323-242-5832x3024
397,Marie,Taylor,morganjason@example.com,455.428.9611
398,Laura,Lee,ubenson@example.net,(930)599-3842x53042
399,Jessica,Mueller,jacksonpaul@example.net,001-885-278-7255x87774
400,Jamie,Jacobson,zroy@example.org,766-592-5481x2147
401,Brandy,Marshall,ronald76@example.com,(375)646-0273x415
402,Megan,Hunt,hartmansara@example.org,615-608-3535
403,Julie,Mack,james92@example.net,001-484-804-4566x9078
404,Jeremy,Cummings,thomasblack@example.net,001-777-451-5366x37780
405,Barbara,Anderson,porterdonna@example.com,736-866-8459x09022
406,Tina,Harris,ybrown@example.org,915.297.4121x8209
407,Jacob,Jones,ocampbell@example.com,+1-481-870-5802x56621
408,Timothy,Jones,kmoore@example.com,001-338-874-3027
409,Cassidy,Wright,renee77@example.com,001-401-847-5469
410,John,Yoder,qellis@example.org,001-991-860-3248x413
411,Victoria,Tran,charles18@example.com,(572)843-8070x17656
412,Benjamin,King,markgoodman@example.com,311.483.7274x220
413,Kelly,Nichols,qjackson@example.org,+1-842-675-2308x37081
414,Scott,George,bartonkatie@example.org,(333)410-6005x313
415,Jennifer,Williams,ochoamarcus@example.net,393.786.6133
416,Marcus,Smith,alexander37@example.org,949-350-1364
417,Jennifer,Moody,johnathandavis@example.com,+1-862-552-5715x0997
418,Wesley,Bush,hallchristina@example.org,836-539-1025x7432
419,Dawn,Young,vstevenson@example.org,250-586-4035x533
420,Laurie,Horton,cathyjames@example.com,(570)417-1302
421,Christopher,Watkins,joelmiller@example.net,942.533.6293x449
422,Joseph,Harrington,tapiamichael@example.com,(277)868-9627
423,Ronald,Miller,brooke28@example.net,(946)374-7468
424,Mathew,Espinoza,ericlopez@example.org,357.866.6567x49160
425,Sarah,Martin,xkrueger@example.net,(287)450-6633x705
426,Jose,Gibson,jonathanguzman@example.net,(501)816-6918
427,Gabriel,Simmons,vincent86@example.net,961-219-5243x6402
428,Collin,Ayala,pwarren@example.com,001-562-425-2237x2817
429,James,Brady,jordanbarrera@example.com,291.521.4161x415
430,Timothy,Chambers,smithjoseph@example.org,+1-890-713-8069x84775
431,Nathan,Wu,lisa56@example.com,+1-605-551-0762x091
432,Miguel,Montgomery,qrobertson@example.org,9508505739
433,Jocelyn,Bauer,ronnie71@example.net,(949)432-8980x2714
434,Peggy,Friedman,pbates@example.org,621.516.0256
435,Jennifer,Wade,wadesandra@example.net,001-571-553-9915x6686
436,Jonathon,Carter,davisjoy@example.org,001-519-852-5690x4098
437,Tina,Flores,lauren28@example.net,+1-993-916-0875x243
438,Dylan,Campbell,georgekyle@example.net,749-473-7460
439,Maria,Clark,isabellawilliams@example.org,364.620.8656x7566
440,Justin,Leblanc,udavis@example.net,4475292774
441,Jeffery,Goodman,coxmelissa@example.org,+1-826-462-0157x20185
442,Courtney,Powell,wilsonrandy@example.com,001-392-361-7647x501
443,David,May,andrewberry@example.net,341.492.6764x9215
444,Richard,Haynes,ihawkins@example.net,918.798.1312x9208
445,David,Anderson,denisemiller@example.com,001-601-918-4582x60340
446,Donald,Henry,alexandra59@example.net,731.603.0324x32983
447,David,Dean,piercejorge@example.net,(367)614-6283
448,Wanda,Terry,jenniferelliott@example.net,392.862.5660x93141
449,Cameron,Bowman,regina42@example.org,901-363-6112x849
450,Allison,Graves,andrea91@example.org,(956)425-8896
451,Jonathon,Parks,dianethomas@example.net,001-640-653-9672x7578
452,Stephanie,Meyer,kevinhodge@example.com,(251)811-3129x01487
453,Erica,Randolph,timothyrobertson@example.net,+1-716-509-3068
454,Virginia,Guerrero,lawsontami@example.net,001-783-321-5285x06762
455,Matthew,Shelton,robertstimothy@example.com,909.263.4807
456,Michael,Gilbert,kenneth10@example.com,001-826-350-1673x1882
457,Robin,Smith,jeremy65@example.com,(262)784-1772x256
458,Nicole,Fletcher,lopezbilly@example.com,(850)823-7416x78725
459,David,Rosario,martinezmaurice@example.org,001-530-456-9067x44716
460,Jessica,Lopez,katie43@example.net,(237)618-9239x23126
461,Veronica,Hickman,msmith@example.org,9662843356
462,William,Schneider,daniel54@example.com,001-963-650-2000x534
463,Rebekah,Garcia,johnnyhenry@example.com,511-608-2555x9895
464,Jason,Cruz,andersonjulia@example.org,7936371189
465,Jessica,Mayo,amandahernandez@example.org,868.348.5571
466,Timothy,Mills,jacksonjoshua@example.org,809-803-6788x1278
467,Richard,Nelson,adamarmstrong@example.net,001-308-478-8443x448
468,Jeffrey,Ferguson,benjamin24@example.org,603-438-1059x551
469,Ricky,Carr,tracie05@example.org,001-942-540-8916x4983
470,Mark,Harris,omoore@example.net,001-965-427-1727x2239
471,Deborah,Smith,nicoleroth@example.net,+1-231-321-6376x182
472,Nicholas,Smith,hinesdeanna@example.org,(731)342-9001
473,James,Castillo,tochoa@example.com,323.808.4810x0184
474,Donald,Barr,perezpaul@example.com,+1-743-361-7213x1451
475,Michael,Middleton,huangcassandra@example.org,(785)692-6249x45147
476,Lisa,Dawson,mccormickmichelle@example.org,001-725-426-7711x96421
477,Hunter,Cruz,troy76@example.net,+1-552-836-6878x8788
478,Christopher,Espinoza,jacquelineyoung@example.org,705.487.2105
479,Kenneth,Thomas,osanchez@example.org,001-421-226-0650x1917
480,Dylan,Thomas,chriscarroll@example.com,(927)228-4765
481,Justin,Moore,munozglenn@example.org,5668784984
482,Sarah,Nelson,boydtiffany@example.org,001-736-890-3628x9177
483,Margaret,Martin,deborah34@example.org,315-395-0342
484,Jason,Smith,jacob30@example.org,219-790-9700x514
485,Karen,Benjamin,leonardmyers@example.com,(815)968-1820
486,Brenda,Christian,evan71@example.net,733-922-8898
487,Kristen,Morgan,cindy60@example.net,001-363-939-9129x71024
488,Clinton,Edwards,evan49@example.com,(911)227-4747x219
489,Michael,Mitchell,rvincent@example.org,258.595.5168x740
490,Holly,Castro,melissaroberts@example.org,001-961-936-7157
491,Daniel,White,lowerysandra@example.com,965.315.5973
492,Joshua,Johnson,stacythomas@example.org,690-696-0567x30306
493,Cynthia,Miller,hillchristopher@example.net,568.734.2016x542
494,Sheri,Olson,tammykim@example.net,001-460-789-3199
495,Elizabeth,Colon,alexis72@example.com,816-448-0727x91033
496,Carolyn,Robinson,stephaniebonilla@example.net,9558044817
497,Robert,Bell,wmills@example.com,827-865-2892
498,Justin,Keller,swalters@example.net,311-910-9617
499,Wesley,Shaffer,melissa33@example.com,+1-861-237-1576
500,Sheila,Casey,joseph44@example.com,+1-830-560-0025x89552
501,Angela,Myers,zpoole@example.net,(826)626-5826x31281
502,Mary,Moore,james10@example.com,2924098196
503,Tonya,Walters,jacob34@example.org,+1-336-340-4120
504,Stephen,Carlson,thomasjose@example.org,817-353-6170
505,Tommy,Garrett,gracebrooks@example.com,+1-972-224-0299x0155
506,Eric,Harmon,leeanthony@example.org,682.935.1305x23124
507,James,Davis,stuart76@example.net,(934)823-4619x9423
508,Nicole,Henderson,lisa91@example.net,(863)695-5172x0849
509,Cassandra,Wiley,raymond12@example.com,(725)531-3552x51050
510,Steven,Pope,annacruz@example.net,883.818.4919
511,Louis,Flores,brandonsnyder@example.org,261-617-2959x639
512,Andrew,Logan,buckjustin@example.com,8886050171
513,Joshua,Molina,xmiller@example.com,290.264.7715x9103
514,Dominic,Holder,fperez@example.org,001-858-600-4010x4145
515,Holly,Buckley,uwilson@example.org,001-596-371-8839x77457
516,Joseph,Phillips,gomezmary@example.org,+1-731-517-0303x76371
517,Lisa,Gill,kathleen47@example.net,(581)823-5679
518,Jacob,Ramirez,ginalynn@example.net,+1-912-771-1307x2407
519,Joseph,Mcintosh,gomezjason@example.com,568.850.7451x06634
520,Gregory,Hill,gstone@example.net,5313310094
521,Amanda,Hill,gmyers@example.org,001-947-632-3549x4012
522,Melissa,Watts,lesliejones@example.org,772-907-6502x41209
523,Brandy,Freeman,thomaswilliams@example.org,001-643-788-2211
524,Shaun,Navarro,elizabeth45@example.com,2544589714
525,Tiffany,Chase,michaeljohnson@example.net,001-665-731-3614x8782
526,Pamela,Myers,rlandry@example.com,709.685.9167
527,Daniel,Smith,stevenhernandez@example.com,+1-682-347-4140x703
528,Brian,Torres,abell@example.org,325-648-8214x236
529,Jeffery,Kennedy,john66@example.com,444-594-2965
530,John,Butler,kevinmiller@example.net,+1-978-726-6128x7585
531,Ronald,Fisher,jmurray@example.org,001-661-229-4398x52989
532,Karina,Long,dsantiago@example.net,701.204.1591x497
533,David,Richards,mileszachary@example.net,001-272-432-4407x9311
534,Cassandra,Martinez,wrightdale@example.org,376.801.4672x38497
535,Dustin,Smith,lorisandoval@example.org,383.977.4419x75466
536,Robert,Coleman,campbelldavid@example.com,9949097052
537,Joshua,Holden,vincent83@example.com,001-686-681-2259x572
538,Sandra,Jones,ebennett@example.net,+1-329-288-4259x95996
539,Anthony,Quinn,colinrodriguez@example.net,253.331.2661x0941
540,Scott,Brooks,mcleanmanuel@example.net,562.498.3347x743
541,Ryan,Rice,christopherjohnson@example.net,330-720-5698
542,Jacob,Blair,nlee@example.net,385.459.8217x6619
543,Kimberly,Evans,jimenezbrett@example.net,603-844-6512x41893
544,Christine,Gardner,aguilarsharon@example.com,+1-200-556-4350x2385
545,Trevor,Shaffer,reedchad@example.com,+1-591-787-2401x078
546,Ryan,Turner,andrewbrown@example.org,+1-496-808-7066
547,Jacqueline,Dunn,kimpenny@example.com,(235)260-3319x036
548,Morgan,Wright,jonesdavid@example.org,305-659-3429x6711
549,Shawna,Harris,priscilla37@example.net,858-943-8458x8105
550,Joshua,Harris,maureenmeyer@example.com,001-283-615-2037x7107
551,Joshua,Cruz,brownmelissa@example.com,606.267.0336x2680
552,Amber,Bailey,kentkaren@example.com,693-905-9660x186
553,Rodney,Ball,francisco67@example.net,720.844.1384
554,Benjamin,Hill,donna90@example.org,995-542-7707x0705
555,Ricky,Riley,hillcheryl@example.com,472-444-4723
556,Monica,Douglas,dannyjohnson@example.net,579.750.8304x40580
557,Daniel,Hunter,dixonjoel@example.com,001-756-716-4205
558,Theresa,Merritt,thomas49@example.org,(550)742-9019
559,William,Norman,shelby69@example.org,+1-226-911-3989x86818
560,Donna,Meyer,joseph94@example.org,335-737-5137x65158
561,Denise,Jacobs,ohartman@example.net,(783)769-2944
562,David,Ortiz,barbarachen@example.org,(370)421-6487
563,Molly,Bass,vaughnveronica@example.org,386.265.2683x41559
564,Charles,Mccall,olozano@example.com,001-764-972-2981x2099
565,Nicolas,Gonzales,shirley13@example.com,450.498.8986x4565
566,Bobby,Landry,russellramirez@example.net,315-542-1447x73244
567,Elizabeth,Thomas,andrearomero@example.org,7905883070
568,Juan,Gould,hdennis@example.org,741.317.6741x241
569,Julie,Walker,murphywilliam@example.com,281.550.6185x380
570,Derrick,Bennett,emilybaker@example.org,527.442.3183x0617
571,Benjamin,Watts,pwelch@example.net,(978)624-3477x695
572,Colin,Rodriguez,robert75@example.org,+1-561-227-5156x27796
573,Kelly,Romero,xbrown@example.com,756-267-6640x473
574,Kyle,Ortiz,amandachan@example.org,+1-395-229-8006x155
575,April,Cox,traciemassey@example.com,001-234-325-5638x300
576,Walter,Moody,moorekevin@example.org,+1-830-241-6624x1118
577,Alexis,Greer,codychapman@example.com,994.556.8044
578,Cory,Costa,bbennett@example.org,868.247.4883
579,Victoria,Luna,kathryn17@example.org,001-606-737-5791
580,Douglas,Soto,davisgary@example.com,001-531-226-9789
581,Katrina,King,joy20@example.com,001-599-760-4387x875
582,Steven,Webb,morseronald@example.org,(420)928-1237x1067
583,Donald,Sawyer,sross@example.org,(744)685-9592x24839
584,Thomas,Clark,sara22@example.net,001-570-356-2271x043
585,Amanda,Rivera,weberbrooke@example.org,(883)650-3446x945
586,Ann,May,chrishernandez@example.net,842.749.1289
587,Barbara,Castaneda,tammy97@example.org,(903)231-9222
588,Marcus,Huang,taylorlindsay@example.com,+1-775-348-1386x66754
589,Nicole,Wilkinson,soniabass@example.net,(768)477-4186
590,Anthony,Diaz,wtownsend@example.net,(239)683-6520x37583
591,Mark,Bartlett,wesley09@example.com,2479604409
592,Wendy,Chen,vthompson@example.net,001-981-205-0922x21610
593,Leon,Hodge,tonya39@example.net,8552295806
594,Calvin,Bryan,jessicamiller@example.com,6497386204
595,David,Owens,knightsteven@example.org,521-725-9020
596,Steven,Wiley,kylebecker@example.org,001-524-606-4242x9563
597,Nicole,Thompson,jordan74@example.org,559.855.8720x9628
598,Michael,Cochran,jared88@example.net,918-434-3740x182
599,Tanner,Morris,cbarrett@example.com,001-615-402-6755x125
600,Steven,Lopez,gonzaleschristina@example.net,001-966-873-4595
601,Kevin,Arellano,kathrynsantana@example.net,466-649-6902
602,Olivia,Sanford,stephaniebradley@example.org,(450)914-2576
603,Aaron,Hernandez,kevinmiller@example.org,461.732.8507
604,Cory,Pierce,ehale@example.net,(873)316-2526x5469
605,Michael,Santiago,walkercharlotte@example.org,(555)280-9961x327
606,Jason,Graham,patrick26@example.org,346-770-4622x6817
607,Gina,Garcia,alara@example.org,329-986-7076x60464
608,Wayne,Norman,megan51@example.org,(286)912-0594x38976
609,Juan,Martinez,dstevens@example.net,+1-954-765-4084x24560
610,Kenneth,Johnson,howardbenjamin@example.net,(532)918-1227x6457
611,Billy,Nguyen,thomastiffany@example.net,468-615-4660
612,Jennifer,Newton,copelandryan@example.org,794.949.8830
613,Jason,Walls,julie24@example.net,+1-609-962-4406x30624
614,Carol,Daugherty,colton30@example.net,231-794-9796x95867
615,Matthew,Reed,vhernandez@example.com,982.764.6091
616,Christopher,Adkins,kevin57@example.net,602.999.2959x660
617,Veronica,Brooks,nicholasrush@example.org,863-831-9422
618,Michael,Robinson,luis51@example.net,+1-858-688-6367x74722
619,Aaron,Gallegos,rdouglas@example.org,(396)866-3093x2998
620,Sonia,Nguyen,garrettgarrett@example.net,950-796-8832
621,Jennifer,Allen,mgiles@example.com,(941)503-9773
622,Laura,Kaufman,laramary@example.org,371.800.6876
623,Susan,Ware,baldwincatherine@example.net,001-807-370-4605x687
624,Dale,Boone,bowenmichael@example.net,623-973-4151x77345
625,Mark,Cole,ashley90@example.org,(684)403-5954
626,Ashley,Torres,jnunez@example.net,001-422-294-6430x394
627,Jordan,Griffith,kwoods@example.com,+1-929-885-8567x2872
628,Alexis,Arroyo,jeffrey33@example.org,791-235-7790x833
629,Raymond,Garcia,william48@example.net,001-981-407-9833x4233
630,Billy,Lynch,christopher31@example.org,340.533.3997x71805
631,Timothy,Ramos,igonzalez@example.net,997.549.0961
632,Brianna,Reid,qgay@example.com,+1-547-725-8784x448
633,Joshua,Hoffman,connie12@example.com,6583772216
634,Sara,Ramos,jamesrodriguez@example.org,548.445.8714
635,Mario,Lee,kfloyd@example.net,+1-625-787-9643x47452
636,Jessica,Calderon,shannon69@example.com,001-660-760-6527x40334
637,Andrew,Simmons,jnguyen@example.net,439.787.4113
638,Jennifer,David,ccrane@example.net,(773)949-9601x0548
639,Sandra,Rodriguez,nicolejones@example.net,(622)694-9381x73598
640,Hannah,Taylor,harrellholly@example.net,257-432-5737x55344
641,David,Jenkins,zshaffer@example.org,708.350.9608x58749
642,Jessica,Cunningham,schmidtlauren@example.org,001-479-731-6477
643,Charles,Holland,shawn60@example.com,001-840-496-0035
644,Jonathan,Walker,amanda39@example.com,001-292-432-3421x089
645,Amber,Blevins,monica33@example.org,926-543-3502x7160
646,Omar,Griffin,xgonzalez@example.com,001-511-328-9812
647,Shelia,Yang,kara56@example.org,218.257.4817
648,Norman,Fisher,gomezsonya@example.org,(243)416-7045x02329
649,April,Taylor,dfarmer@example.net,445.496.2622
650,Michael,Buckley,anthonyharris@example.com,+1-254-895-0050x7026
651,Kathryn,Sharp,ericsmith@example.org,461-217-7687
652,Larry,Harrison,david85@example.net,+1-817-679-3238x22311
653,Olivia,Garcia,johnblair@example.com,879-288-9425x65290
654,Laura,Petty,thomasaustin@example.org,(865)909-7753
655,Victoria,Chavez,amy14@example.net,001-385-752-4578x71584
656,Ronald,Johnson,codyhester@example.org,384-425-4768
657,Raymond,Pugh,donaldbecker@example.org,758.592.9880
658,Heather,Osborn,nicholasgarcia@example.org,+1-893-928-9634x0646
659,Taylor,Taylor,aaron48@example.net,439-891-0622x7236
660,Peter,Lee,chad42@example.com,392-637-2450
661,Alexandria,Ingram,chall@example.com,889-672-1540
662,Daniel,Owens,nancyholt@example.com,001-343-681-1995x37660
663,Megan,Oconnor,danielle56@example.net,651-301-7397x396
664,Wendy,Mckenzie,kcastro@example.com,+1-786-809-1919x113
665,Lisa,Higgins,reedkristin@example.com,001-280-766-0392
666,Corey,Knapp,danielmelissa@example.com,(755)834-7057x423
667,Karen,Norman,megangates@example.com,(498)835-4116x597
668,James,Chase,zbell@example.com,(422)850-1394x884
669,Christine,Jones,daviscarly@example.net,(342)758-5626x1499
670,Yvonne,Ramos,sanchezeric@example.com,2736333732
671,John,Smith,amassey@example.net,+1-893-662-8969
672,Jasmine,Holden,ryan53@example.com,+1-351-925-3892
673,Amanda,Garcia,jenniferrobbins@example.net,+1-937-849-0797
674,Calvin,Forbes,castroangelica@example.org,(872)415-1494x097
675,Valerie,Lewis,scollins@example.net,753-398-6289x5090
676,Kim,Jones,morenojessica@example.net,339.322.0715
677,Sophia,Berry,yballard@example.net,625.821.4526x4712
678,James,Bell,morgankaren@example.net,209-708-0512x080
679,Paul,Johnson,michele23@example.net,+1-972-483-5129x592
680,William,Olsen,cjohnson@example.net,344-915-2982
681,James,Moore,sharon86@example.com,581-853-5237
682,Bob,Brown,qcochran@example.net,001-691-781-5899x88683
683,Derek,Gallagher,sheryl66@example.com,(617)207-1587x9647
684,Allison,Williams,parkerbriana@example.net,+1-525-708-0046
685,Tamara,Williams,hrodgers@example.org,250.231.7235x13739
686,Sandra,Harris,glassadam@example.org,+1-852-663-5602x29394
687,Jamie,Johns,robert06@example.com,(343)374-9060x7231
688,Erik,Moody,whitemark@example.net,364-984-4941x163
689,James,Holmes,harrisondaniel@example.org,9624113695
690,Scott,Hammond,kaylahardy@example.org,001-202-854-2573
691,Norman,Arroyo,perezcourtney@example.com,+1-270-371-3984x82285
692,Gail,Ortiz,montgomerygeoffrey@example.com,(302)513-0609x069
693,Kathleen,Johnson,smithmadison@example.com,001-664-796-7379
694,Tina,Fields,jcalhoun@example.com,+1-753-224-2642
695,Ryan,Evans,stevensjennifer@example.net,962.953.6667
696,Stephanie,Ford,mark62@example.net,533.833.9395x78654
697,Donald,Rodriguez,xevans@example.net,(803)435-8268x62703
698,Joshua,Reese,danielleandrews@example.org,(265)373-2759
699,Kristin,Miller,moramolly@example.com,755-932-3415
700,Thomas,Padilla,kevin82@example.org,(961)689-6288
701,Hannah,Mckee,beckdwayne@example.com,702-967-6720
702,Brenda,White,wallerstacey@example.net,(551)751-2294x621
703,Kelly,Mcguire,gomeztonya@example.com,6992625438
704,Tracy,Bullock,banksjackie@example.com,265.204.7158x029
705,Kevin,Gonzalez,cjames@example.net,+1-946-655-8665x25483
706,Joseph,Gentry,trujillorobin@example.net,402-513-1251
707,Kimberly,Shields,sharpjill@example.com,+1-312-497-5191x023
708,Christopher,Bean,hamiltongina@example.org,4169583737
709,Keith,Lowe,ramoswilliam@example.org,(534)428-9311
710,Melinda,Avila,franciscoreid@example.net,696-484-3645x3804
711,Calvin,Brown,raven09@example.com,670-715-9591
712,Shannon,Harmon,twood@example.com,983-939-2056x77567
713,Eric,Rojas,bbarnes@example.org,862-965-0622x92310
714,Edward,Rogers,crawforderic@example.net,333-379-7662x705
715,Stephanie,Mccarthy,donald87@example.org,(670)742-5496x91928
716,Jenny,Roman,mikewaller@example.org,9756633535
717,Angela,Ray,holly25@example.net,001-239-793-3797
718,William,Davis,cindymiller@example.com,594.517.6342x507
719,Cynthia,Murphy,yhoffman@example.com,675-598-3399x14038
720,Krystal,Henderson,evansjames@example.com,4069157276
721,Katherine,Rodriguez,stephen39@example.com,729-825-0105x8752
722,Andrea,Fuller,randall59@example.org,+1-445-399-0802x7112
723,Alexandra,Bentley,christopherward@example.com,316-551-7680x86628
724,Shane,Wilson,jeremy08@example.org,7377003322
725,Paul,Walters,wsmith@example.com,206.781.0390x3397
726,Jacqueline,Perkins,william26@example.org,(880)494-4858
727,Mary,Webster,matthew54@example.com,447-307-9863
728,Bobby,Ballard,jameshudson@example.net,639-245-7039x4380
729,Javier,White,jamie65@example.com,(292)277-8943x1910
730,Mercedes,Arroyo,turnerpatrick@example.net,(610)853-3651
731,Desiree,Evans,roachkevin@example.com,631.607.2011x379
732,Andrew,Hart,simoneric@example.org,(660)607-6762x0901
733,Jennifer,Harris,andrew43@example.org,001-370-709-6873x045
734,Stephen,Kennedy,nathanielwinters@example.net,+1-782-955-6296
735,Tonya,Saunders,lisawalton@example.com,+1-486-256-1942x55778
736,Matthew,Hull,carolfernandez@example.net,(292)336-1618
737,Barbara,Scott,jodisutton@example.com,515.958.6863x9561
738,Eric,Benson,jenniferbarry@example.net,372-514-3643
739,Andrew,Johnson,clarkmaria@example.net,614-771-6560
740,Paul,Clark,eharvey@example.net,+1-390-870-7550x476
741,Haley,Oliver,stacy70@example.com,3719748113
742,Noah,Rogers,tjohnson@example.net,001-473-996-1029x08718
743,Joshua,Cunningham,kingdavid@example.net,527.942.0495x6121
744,Todd,Smith,kelseywilliams@example.org,459.473.7112
745,Joy,Potts,kimmichael@example.net,(308)358-1670x46861
746,Jose,Fry,thomas83@example.org,702-619-2378
747,Timothy,Arellano,brandiwilson@example.org,232.342.6050
748,Alicia,Adams,turnerlisa@example.com,473.837.7731
749,Angela,Sims,thomasdavid@example.net,(717)581-9236
750,Maria,Russell,uwilliams@example.com,8354679327
751,John,Boyd,bmejia@example.net,8616812054
752,Steven,Roman,kevin89@example.com,378-976-9899x9275
753,Theresa,Patel,kingjoseph@example.com,898-635-5393x5435
754,Joseph,Coleman,kaylazamora@example.org,001-543-558-8537x98214
755,Carly,Schultz,isaac75@example.org,(874)897-8524x9141
756,Aaron,Lopez,sarah78@example.net,889-863-4067x917
757,Lawrence,Taylor,wardlaurie@example.org,8145188421
758,Bill,Keller,smithmatthew@example.net,001-544-463-3399x9485
759,Andrew,Silva,georgeburch@example.com,989.302.1994
760,Cody,Bruce,johnlynch@example.org,841.903.4699
761,Jason,Garcia,ortizsean@example.org,001-269-960-8437x6855
762,William,Hughes,xobrien@example.org,001-519-662-6335x564
763,Rachel,Gray,ryu@example.net,217.906.9556
764,Samuel,Griffin,qdavis@example.com,545.247.2239
765,Tiffany,Diaz,christophermoon@example.org,+1-680-441-8472x426
766,Jeremy,Collins,hallchristopher@example.org,001-524-387-6230
767,Carlos,Garcia,amandamaxwell@example.net,001-252-828-2305x24808
768,Dennis,Williams,meghanallen@example.net,(394)873-7213x290
769,Derek,Mitchell,zbyrd@example.net,+1-668-878-5996
770,Garrett,Hodge,lindaclark@example.net,(541)296-6645x057
771,Jason,Hampton,shannongarza@example.net,(946)832-0374
772,Steven,Marshall,stevenperry@example.org,821.345.0576
773,Carmen,Kelly,ewilliams@example.org,(253)548-2012x840
774,Crystal,Watson,zpowell@example.net,859.254.5089x177
775,Elizabeth,Kelley,lutzeric@example.com,674-222-3196x46300
776,Stephanie,Lee,robertmckenzie@example.org,(489)943-0120x47137
777,Danny,Caldwell,christina57@example.com,001-688-555-8298
778,Jeremy,Johnson,gnelson@example.com,460.394.4128x3337
779,Heidi,Wagner,anewton@example.net,841-932-9715x06662
780,Tiffany,Cook,david37@example.com,(793)866-3439x2529
781,Melissa,Garcia,hoganalan@example.net,(371)220-0720x24559
782,Frederick,Collins,williamsbrandi@example.org,+1-303-626-7149x498
783,Dillon,Ford,eric81@example.com,+1-634-806-5277x584
784,Robert,Arias,elizabeth33@example.com,(920)410-9121
785,Edward,Jones,gwendolyn93@example.net,566.718.9437x0526
786,Carl,Johnson,perry77@example.net,(357)925-6592x0246
787,Nancy,Cook,hensonjohn@example.net,343.926.0055x9550
788,Kelsey,Costa,jasoncook@example.net,001-684-986-8999x3607
789,Bradley,Cook,ylawrence@example.org,567.699.3593x7440
790,Ralph,Smith,billycrane@example.com,860.260.1488
791,Warren,Cisneros,kayla07@example.net,488.541.3685
792,Alexis,Jordan,deborah70@example.org,(442)744-6263
793,Connor,Huynh,whitney81@example.org,(710)331-4217
794,Vincent,Conley,edixon@example.net,+1-341-351-5263x840
795,Francis,Peterson,timothymiddleton@example.net,(905)366-1863x239
796,Theresa,Garner,dgrant@example.com,253-700-7309x50556
797,Michelle,Miller,wheeleranna@example.org,001-227-778-8519
798,John,Herrera,gcarter@example.org,624-662-4561x8517
799,Richard,Johnson,mark12@example.net,+1-591-351-1455x129
800,Jesse,Hill,cainana@example.net,001-684-284-1604x615
801,Derrick,Davis,rodriguezthomas@example.com,(468)314-2983x152
802,Crystal,Smith,jessicamartinez@example.net,+1-583-860-8493x78306
803,James,Rose,derek96@example.net,543-691-6497x0169
804,Hayley,Ray,coffeyjohn@example.net,3332016234
805,Denise,Love,gutierrezmatthew@example.com,(921)555-6684
806,Michaela,Thomas,qgomez@example.net,977.446.0406
807,Bryan,Small,goodmanalice@example.org,(714)624-4260x78197
808,Dawn,Cole,mary64@example.org,637.720.3763x8821
809,Alexa,Vaughn,michelle84@example.net,(401)991-3443x8998
810,Tiffany,Smith,murphyhannah@example.net,(895)707-3214x64493
811,Cody,Ruiz,pamelanguyen@example.com,(473)585-7368x011
812,Robert,Williams,vgutierrez@example.org,287-623-3351
813,Alexander,Matthews,esparzadawn@example.com,515.239.1149
814,Thomas,Hill,dianedominguez@example.org,736.751.1893x9406
815,Karen,Hawkins,anthonydavis@example.net,001-504-532-2302
816,James,Phillips,stanleyjeremiah@example.org,9138546212
817,Adrian,Brooks,gabrielleorozco@example.org,423-612-6163
818,Jennifer,Reeves,olivia29@example.net,+1-593-876-2974x54930
819,Kenneth,Barton,lho@example.org,001-420-538-1876x920
820,Lauren,Allen,romerocatherine@example.org,688.715.8814
821,Ana,Clayton,pattersonmelissa@example.org,(331)782-9716
822,Steven,Maldonado,anthony00@example.net,001-900-715-2911x371
823,Brian,Mccoy,ballvanessa@example.com,(918)644-4218x2998
824,Travis,Kent,hernandezmadison@example.com,290.656.7086x70090
825,Nina,Gray,christopher84@example.net,(566)791-3624
826,Mike,Williams,lorraine96@example.net,9807706336
827,Kristin,Smith,davidbrown@example.org,664-481-8804
828,Amy,Wells,zacharygray@example.org,616.843.2126x94289
829,Kenneth,Smith,iavila@example.com,001-486-731-4417x0646
830,Sophia,Brooks,michelle02@example.com,955.882.4301
831,Kyle,Conner,william88@example.org,001-231-753-8882x45279
832,Benjamin,Mcdaniel,kaiserkelly@example.org,835.538.4951
833,Lindsay,Shaffer,daviscarol@example.net,418.809.3391x373
834,Dawn,Key,khanmelissa@example.net,819-287-5617
835,Alex,Lopez,osbornanthony@example.org,661-382-9803x65774
836,Susan,Velez,khanerin@example.com,(695)320-1491x189
837,Amber,Perez,vmoreno@example.org,001-426-332-2399
838,John,Hill,robert14@example.org,001-842-888-6050x537
839,Ryan,Gibbs,stonecody@example.net,(860)803-0835
840,Nicole,Davis,hughesgail@example.org,331-923-4550x68826
841,Connie,Washington,christineriggs@example.com,901-434-8087x3543
842,Rick,Lewis,christina10@example.org,+1-457-209-0859x91449
843,Jennifer,Chavez,brandi26@example.net,001-399-669-9648x997
844,Dustin,Bowers,kwalsh@example.org,(559)414-0849
845,Pamela,Rodriguez,kellythomas@example.com,(898)206-9087x2617
846,Dawn,Thompson,kylehahn@example.net,489.235.9538
847,Mary,Pollard,merrittsusan@example.net,829-796-5082
848,Amy,Thomas,clayton86@example.net,(756)713-0876x1238
849,Tina,Christensen,megan46@example.net,(939)548-4002
850,Aaron,Contreras,yburke@example.org,7162831139
851,Brandon,Jones,salazarjoshua@example.com,+1-491-250-7628x3976
852,Jessica,Walker,joseph77@example.com,+1-746-220-7266x292
853,Angela,Davis,ehardy@example.com,6293914068
854,Tara,Gonzalez,ihall@example.com,(423)356-1781x703
855,Christian,Martin,wrodriguez@example.com,885.327.7895
856,James,West,kurt90@example.net,(395)802-6480
857,Joshua,Cooley,shannonfleming@example.org,(378)912-7782x2102
858,Patricia,Chapman,curtislee@example.net,(429)785-7973x63831
859,Ricky,Morgan,bmoyer@example.com,001-898-466-1770x673
860,Michelle,Smith,bennettdouglas@example.net,(223)755-2165
861,Amber,West,mcdanielrichard@example.org,001-618-521-9259x6790
862,Russell,Lynch,krista02@example.org,6504938694
863,Kenneth,Jacobs,hollandjustin@example.com,+1-888-970-7152x3867
864,James,Hammond,anthonygilbert@example.com,(819)917-7987x6829
865,Jennifer,Moore,lukeray@example.com,001-708-858-0623x5040
866,Parker,Harvey,bcarroll@example.net,424-882-5544
867,Steven,Long,michaelochoa@example.com,(332)789-4633
868,Richard,Green,jacob57@example.org,562-392-6933x58951
869,Ann,Myers,anthony78@example.com,(385)309-5744x3034
870,Sara,Wilson,kgeorge@example.org,585.893.4015
871,Kyle,Nguyen,urodriguez@example.org,332-559-3678
872,Lauren,West,brandon94@example.org,001-914-210-5276x981
873,Cassie,Conley,xsmith@example.org,888.885.6225
874,Brian,Nguyen,csparks@example.net,844.722.7585x485
875,Laura,Stewart,gregory24@example.net,416-650-2000
876,Nathan,Hall,charlesyoung@example.net,255-513-0557
877,Cynthia,Simmons,evelyncampbell@example.com,689.866.9972x73677
878,Edward,Smith,meghan25@example.com,318.432.8123
879,James,Thomas,simsclaire@example.org,(201)483-6472x3875
880,Katie,Powell,ortegagregory@example.org,(277)754-5847x262
881,Douglas,Davis,qreyes@example.net,416.308.2717
882,Stephen,Lewis,ucobb@example.org,001-592-805-2229
883,Nicole,Moses,qlloyd@example.net,743-588-2325
884,Kristina,Foley,lukecase@example.com,(617)977-3264x30954
885,Cheryl,Hardy,patriciamunoz@example.net,902.992.7120x539
886,Jennifer,Lewis,devon88@example.org,(520)412-5608
887,Benjamin,Williams,robrien@example.com,288.297.5358x52386
888,James,Ramirez,joel61@example.net,001-351-271-5239
889,Kimberly,Day,kimberlyblair@example.net,001-250-814-3748x3093
890,Victoria,Miller,hdavis@example.org,(302)321-3217x6720
891,Darren,Reyes,andersonhenry@example.org,+1-607-525-8733x930
892,Ryan,Rogers,guerrerostanley@example.net,481-724-2114x0868
893,Michelle,Ray,tina29@example.com,(720)493-5561x0399
894,Kimberly,Silva,frankjeremy@example.com,724-836-5858
895,Kurt,Bradshaw,meghangreen@example.org,001-920-627-0615x9273
896,Bruce,George,ramosjennifer@example.org,(469)206-3224x81554
897,Jeffrey,Page,antonio01@example.org,+1-956-779-7564x915
898,Nathan,Coleman,sonyaking@example.org,(347)360-1080
899,Benjamin,Johnson,gspencer@example.com,(941)372-6808x0815
900,Eddie,Johnson,mccannjanet@example.com,938-506-7130
901,Martin,Novak,michael84@example.com,736-921-3009x6258
902,Ronald,Jordan,tyler31@example.net,8538396274
903,Samuel,Hernandez,brenda83@example.org,001-270-300-4666x145
904,Laura,Williams,hestrada@example.com,6042938819
905,Leslie,Contreras,stewartgeorge@example.com,+1-598-309-4976x987
906,James,Garza,cervantespatrick@example.net,001-641-566-1237x4077
907,Jesus,Thompson,samuel38@example.net,001-394-699-1970
908,Frederick,Jordan,anthonymcdonald@example.net,382.511.6020x418
909,Mike,Miles,hlester@example.org,608.489.4801x864
910,Eugene,Martinez,alejandra39@example.com,957.308.2004x80675
911,Maria,White,omarmiller@example.net,(411)928-7942x9688
912,Jessica,Myers,dbeck@example.com,3957314196
913,Ronald,Snyder,gregorymitchell@example.net,+1-883-456-5179
914,Kelly,Williams,smiles@example.net,(368)934-9604x7842
915,Alexander,Hoffman,cruzernest@example.com,001-536-648-8208
916,Amanda,Patel,christinabeard@example.org,367-328-7991x609
917,Kevin,Lewis,williskatherine@example.net,959.823.6133
918,Patricia,Peterson,bradleyscott@example.net,316.850.2544x72419
919,Louis,Johnson,heidihill@example.net,(261)877-1824x98980
920,Steven,Arnold,nelsonscott@example.com,513.859.2664x86989
921,Heather,Dunn,sarah69@example.com,001-415-259-4501x192
922,Megan,Norman,john60@example.com,817-516-0398
923,Robert,Wright,craigriley@example.com,(690)667-0009x942
924,Harold,Carter,rlutz@example.com,001-689-766-7605x6420
925,Rodney,Diaz,bmorgan@example.net,645.833.8906x235
926,Nancy,Logan,kayleerogers@example.com,2168599530
927,Ethan,Lopez,edwinwhite@example.com,(677)346-2591x60112
928,Christopher,Bartlett,amanda86@example.org,9804179867
929,James,Miller,scott04@example.com,(264)526-1212
930,Allison,Perez,bpeterson@example.com,001-496-680-7852x548
931,David,Powers,wesleyjohns@example.com,001-340-406-4454x75231
932,Sheryl,Moore,imitchell@example.net,001-579-817-7633x42720
933,Gina,Weiss,agomez@example.net,+1-501-296-3045
934,Paul,Gamble,markgardner@example.org,993-953-4001x816
935,William,Palmer,kirbymichael@example.org,344-954-4608x385
936,Carrie,Robinson,smithgina@example.net,+1-853-491-2878x84869
937,Nicole,Duran,torrestricia@example.com,001-527-214-7246
938,Lisa,Hensley,lpage@example.com,(538)339-7283
939,Edward,Rodriguez,kjohnson@example.net,428.380.9832
940,Bradley,Wilson,jerrysmall@example.org,986-876-6100
941,David,Kelley,jaime61@example.com,2389453198
942,Joshua,Logan,jamesparker@example.net,810-903-0762x05459
943,Mary,Rivera,grahamteresa@example.net,(264)911-0654x1134
944,Amber,Garcia,kelsey70@example.net,+1-805-883-6683x482
945,Erik,Lawson,riceamber@example.net,+1-789-217-8791
946,Nathan,Garza,michaelanthony@example.net,460.893.2012x657
947,Alexis,Levine,juareztina@example.net,(621)375-5851x777
948,Emily,Taylor,paul21@example.org,+1-882-641-9962
949,Gregory,Thomas,lcook@example.org,204.754.2185x457
950,Ryan,Wagner,kirkdonald@example.com,409.500.1635x6407
951,Margaret,Ramirez,gbraun@example.org,+1-495-440-0178
952,Haley,Love,christopherchaney@example.org,(785)207-1058x0119
953,Cheryl,Anthony,zavaladiane@example.com,(461)505-3709
954,Bradley,Ford,rwheeler@example.org,6745189485
955,Lisa,Thomas,jgutierrez@example.net,865.329.4471
956,Susan,Mcguire,tiffanyharris@example.com,+1-713-810-4502
957,Jeffrey,White,nstafford@example.net,(874)283-5268x064
958,Julie,West,veronicadavies@example.com,+1-683-884-2536
959,Robyn,Fernandez,matthew77@example.com,001-506-457-9551x562
960,Jessica,Smith,fernandezmathew@example.com,307-340-9131
961,Steven,Romero,rdavis@example.org,(854)776-0220
962,Samantha,Edwards,holly12@example.org,422-875-9500
963,Katherine,Lyons,millerdaniel@example.org,001-325-994-7950x7407
964,Janet,Richard,dlarson@example.com,001-695-203-1006x493
965,James,Merritt,smithmichael@example.org,660.389.4118
966,Stephanie,Mooney,nicole92@example.net,(253)859-5205x610
967,Tamara,Hudson,schneiderraymond@example.com,+1-501-986-7740
968,Vincent,Benson,jenniferhuber@example.net,894.949.5300
969,Stephen,Blake,matthewsmith@example.org,+1-350-917-3654x2624
970,Amanda,White,burtondoris@example.net,001-823-234-5110x090
971,Michael,Smith,pdixon@example.org,(211)666-7329
972,Peggy,Cook,kcook@example.net,+1-875-692-1299
973,Gary,Williams,robertbrock@example.org,9279558214
974,Pamela,Neal,aaronwallace@example.org,(323)780-2362x192
975,Rebecca,Warren,boydrenee@example.net,5597161186
976,Martin,Pierce,ashley77@example.org,001-516-388-0053x789
977,Amy,Bennett,williamperkins@example.org,545.640.1822x72002
978,Amanda,Garrett,derekdougherty@example.org,714-547-4328x116
979,Jacqueline,Nunez,andersoncynthia@example.org,523-222-7752x135
980,Rachel,Malone,butlerolivia@example.com,863-300-5937x775
981,Cheryl,Walker,suttondenise@example.net,561-374-6902
982,Sherry,Johnson,meganharmon@example.com,396-862-2913
983,Tommy,Mason,richard56@example.com,206.636.2198x655
984,Bianca,Maxwell,kevin07@example.com,(434)993-3965x0496
985,James,Bradford,htaylor@example.org,224-936-2585x4218
986,Stacy,Wheeler,singhsarah@example.org,+1-434-619-9643x3853
987,Stacey,Dickson,pamelaestrada@example.com,+1-333-734-3031
988,Melinda,Rice,ujohnson@example.com,(576)794-7576x945
989,Tammy,Kim,rritter@example.com,(798)261-6342x1254
990,Amanda,Odonnell,sara94@example.net,852-869-2559
991,Kevin,Griffin,castanedajohn@example.com,623-559-1426x140
992,John,Merritt,tvelasquez@example.com,330-979-6373x1008
993,Shelby,Short,douglasmartinez@example.com,001-987-618-4523x5426
994,Joseph,Frazier,fwilliams@example.org,+1-820-886-5237x7729
995,Evelyn,Russell,taylorrodriguez@example.org,+1-205-427-8105x5800
996,Timothy,Fleming,cameronlopez@example.com,+1-931-460-9439x13681
997,Rebekah,Gonzalez,nicholasreed@example.net,(586)720-9297
998,David,Brooks,margaret33@example.org,(427)239-3899
999,Justin,Farrell,kimberlyperez@example.org,(461)885-0761x08708
1000,Catherine,French,duranlindsay@example.org,(401)307-1261x5838
1001,Tamara,Vasquez,wleblanc@example.com,+1-446-573-5742
1002,Tina,Brandt,donaldmartin@example.net,801.294.4258x92225
1003,Nicholas,Nicholson,jason06@example.org,+1-273-911-8046x7413
1004,Elizabeth,Perez,kelsey85@example.org,8135626084
1005,Ashley,Cortez,paul54@example.com,3558491215
1006,Tiffany,Adams,knightsamantha@example.com,964-709-1969x39578
1007,Linda,Brown,shepherdandrew@example.org,(520)819-7121x24139
1008,Rebecca,Oliver,ppatel@example.com,(409)487-3126x7731
1009,Samuel,Price,stevensmatthew@example.net,389.878.6533x94319
1010,Mark,Lopez,hunter12@example.org,(619)615-0576
1011,Anna,Bryant,timothy00@example.org,(987)664-4867x64979
1012,Nicole,Davis,paulbailey@example.net,5459006355
1013,James,Chapman,kproctor@example.com,+1-727-571-1952x963
1014,Brandon,Watson,lball@example.com,(712)682-7636x431
1015,Sabrina,Oliver,cheryl54@example.com,+1-863-545-4434x41491
1016,Karen,Sanchez,joshua74@example.org,001-546-240-8822
1017,Brittney,Mason,catherinewoods@example.org,001-288-994-1321
1018,David,Vazquez,daltonkathleen@example.com,548-253-4655x79220
1019,Brad,Ramirez,ycharles@example.org,(493)390-0251
1020,James,Shields,michele58@example.net,+1-563-359-5708x619
1021,Jose,Ward,jaime56@example.com,611.438.8503
1022,James,Russell,arthurwright@example.com,842.846.3104x379
1023,Kimberly,Fernandez,johnsonlacey@example.net,629-546-9021x77417
1024,Victoria,Turner,brian38@example.com,4229894665
1025,Karen,Blair,jamesanderson@example.org,+1-230-520-2569x133
1026,Andrew,Gonzalez,emcdonald@example.net,001-716-775-0762x799
1027,John,Goodman,joshuawood@example.org,223-598-4723
1028,Joseph,Hardin,brandonfernandez@example.com,290-717-2224
1029,Brian,Olsen,qhendricks@example.net,+1-471-677-5461
1030,Brendan,Ward,amandaknapp@example.org,+1-872-658-1225x90956
1031,Jennifer,Melendez,staceywashington@example.net,279.312.1211
1032,Alyssa,Church,youngmichael@example.net,+1-269-501-7074
1033,Carmen,Gomez,heather29@example.com,001-917-412-2276x4338
1034,Frank,Ward,edward16@example.org,(654)996-3308x3344
1035,Natalie,Bass,wayne87@example.net,+1-795-304-7020x596
1036,Cheryl,Golden,kristinwest@example.com,+1-926-963-2956x342
1037,Thomas,Norton,rhondabradley@example.org,(616)358-1292x05922
1038,Charles,Glass,jrobinson@example.net,259-863-6372x62942
1039,Nicholas,Rogers,cindy08@example.com,533-413-8004
1040,Caleb,Day,melissadavis@example.org,854-981-5826
1041,Victoria,Evans,garciabrandi@example.net,948-980-6442x00629
1042,Danielle,Castillo,abigail66@example.com,(441)496-2342x1926
1043,Charles,White,hannah04@example.org,+1-948-431-4789x117
1044,Marcia,Sullivan,barbara81@example.net,(883)818-0036
1045,Andrew,Watts,jasminbrown@example.com,228.753.8631
1046,Crystal,Nguyen,josephmercado@example.org,+1-205-282-6929
1047,Shannon,Ferguson,dmartin@example.com,532.983.8963
1048,Rick,Burgess,cynthia86@example.org,(471)536-8410x1328
1049,Rachel,Love,coryfernandez@example.net,001-935-827-9187x5067
1050,Cody,Williams,margaret20@example.net,+1-981-843-1927
1051,Darryl,Hull,gomezbrittney@example.net,+1-838-845-7202
1052,Miguel,Ashley,wferguson@example.org,+1-459-712-5734x989
1053,Mark,Guzman,afuller@example.com,001-642-399-0747x2966
1054,Kathy,Andrews,jwashington@example.org,+1-697-847-4859
1055,Joshua,Mckay,leahpham@example.com,867-334-7853
1056,Wendy,Carter,bakerleslie@example.net,(886)405-2102
1057,Susan,Williams,mroberts@example.org,5822484581
1058,Angela,Ryan,nancyballard@example.com,548.283.9974x1856
1059,Edward,Choi,rose00@example.org,2567619953
1060,Paul,Davis,katrina37@example.net,+1-246-279-0870x18726
1061,Daniel,Christensen,swatson@example.org,2348444299
1062,Timothy,Ortega,zhansen@example.com,(840)962-2155
1063,Derrick,Randolph,jackwyatt@example.org,+1-805-633-4704x747
1064,Amber,Cohen,nathan39@example.com,521-338-3507x12455
1065,Gabriel,Poole,smithjohn@example.org,+1-521-717-3277x26488
1066,Angela,Joseph,angela22@example.net,+1-342-952-5161x85759
1067,Carl,Rogers,ricedana@example.com,491-647-7447x3535
1068,Samuel,Rice,daniel71@example.com,001-249-773-4493
1069,Jesse,Dixon,walkerdavid@example.org,(411)333-8926x08788
1070,Michael,Thompson,sgonzalez@example.net,(925)215-2174x65353
1071,Craig,Cunningham,kellygina@example.org,646-571-7762x9691
1072,Jason,Foster,pamela64@example.com,7999990010
1073,Jeremy,Smith,marissasutton@example.com,(411)689-6844
1074,Peter,Fitzgerald,christine97@example.net,(372)285-7595x828
1075,Harold,Jones,msimon@example.net,+1-612-648-8397x17059
1076,Sara,Cochran,laura36@example.com,001-828-368-1123x03885
1077,Kimberly,Lane,fflowers@example.com,490-809-9217x79055
1078,Sandy,Richards,madelinebrooks@example.net,+1-558-380-7053x26011
1079,Alex,Mullen,melissarollins@example.com,(755)313-6090
1080,Melissa,Love,campbellbruce@example.org,937-336-1587x3662
1081,Jay,Bailey,ncarroll@example.com,790.605.8561
1082,Shannon,Sanchez,michelle63@example.net,492.555.1164x3690
1083,Thomas,White,wyattamy@example.com,001-866-305-3428x16441
1084,Austin,Garcia,uhaley@example.net,258.546.4051
1085,Elizabeth,Payne,tracylewis@example.com,(676)636-2814
1086,Shawn,Rice,brittanybauer@example.org,001-269-406-7649
1087,Glen,Herrera,sheena87@example.com,851-335-8727x17430
1088,Kristina,Todd,kimberly03@example.com,998.981.8738
1089,Denise,Howard,jessicalewis@example.com,001-877-204-1309x09153
1090,Jacob,Anderson,michaelcobb@example.org,612-631-9057x720
1091,Carl,Brown,tnorris@example.com,293-924-5381
1092,Jennifer,Collins,douglashill@example.com,5984726496
1093,Gregory,Miller,ywilkinson@example.org,(240)243-2611
1094,James,Reyes,ygarcia@example.org,4702286720
1095,Anthony,Rogers,peterlang@example.net,(219)753-6890
1096,Steven,Jacobs,browntroy@example.org,390-307-3971x30722
1097,James,Hess,paulthomas@example.org,+1-367-422-1045x4617
1098,Amy,Haney,wellsadam@example.com,836-202-3442x2521
1099,Douglas,White,karina20@example.net,747-372-6903x265
1100,Jeffrey,Anderson,dmiller@example.net,480-324-5598x5160
1101,Daniel,Contreras,stephanie89@example.org,(968)864-9864
1102,Kylie,Odonnell,dmartinez@example.com,5089844740
1103,Lori,Grant,daviladaniel@example.org,549.892.1640x0698
1104,Cathy,Cross,marthafloyd@example.org,884-786-4708x213
1105,Joshua,Lopez,jacksonwhitney@example.org,001-872-505-5033x0000
1106,Laura,Manning,lchavez@example.org,+1-200-288-9911x416
1107,Bethany,Chase,cruzkaren@example.net,(932)273-7989
1108,Paul,Weaver,kevin18@example.com,846.330.0099x8433
1109,Pamela,Sharp,stephaniemiller@example.org,215.519.8545x82942
1110,Cynthia,Ballard,jonesjames@example.org,666-807-5699x944
1111,Ryan,Hernandez,davisandrea@example.com,+1-202-481-8223x8794
1112,Susan,Myers,schmidtvincent@example.org,945.227.3536x4235
1113,Alan,Miller,riddleann@example.org,+1-751-281-6125
1114,Justin,Cline,cwilson@example.org,592.430.4660x012
1115,Stephen,Johnson,jamesstrong@example.net,001-861-751-2048x5076
1116,Jeffrey,Briggs,larry04@example.net,(327)763-4601
1117,Joel,Diaz,tamaraparker@example.org,335-486-1768x225
1118,Margaret,Barnett,philliphatfield@example.net,(966)656-2241x9768
1119,Kristy,Carter,qgallegos@example.org,001-603-950-0618
1120,Victoria,Beltran,joeshields@example.org,704-466-8212x1564
1121,Michael,Andrews,andreross@example.net,441-911-9738x818
1122,John,Vincent,ohall@example.com,+1-894-888-2188x49680
1123,Jordan,Schroeder,melanie10@example.org,225-343-4123
1124,Jeanette,Williams,psmith@example.com,(518)360-0320
1125,Brooke,Pierce,millerlindsey@example.org,9348713171
1126,Brandon,Curry,jhenson@example.com,+1-390-584-1947x85501
1127,Susan,Peterson,alyssa10@example.com,(288)578-0727
1128,Taylor,Dougherty,simmonsangela@example.net,697-922-3996
1129,Tracy,Martinez,toddmonroe@example.org,968.210.2480x855
1130,Alexis,Curtis,james23@example.com,(721)969-0696
1131,Jordan,Estrada,pricescott@example.net,(316)891-3952x150
1132,Patricia,Colon,ejones@example.org,335.508.4243
1133,Becky,Roberts,wesley30@example.org,816-991-0530x2151
1134,Jennifer,Gallagher,zwolfe@example.net,239.753.4811
1135,Andre,Wilson,rhonda64@example.org,389.961.5738x5512
1136,Rebecca,Rivera,andersonbrittany@example.net,881.255.4260x9723
1137,Eric,Buchanan,xchang@example.com,(977)320-5171x07308
1138,Michael,Trujillo,pschmidt@example.org,303.617.5438x0274
1139,Wesley,Nguyen,ypowers@example.org,(992)454-6862
1140,Angela,Bass,westroy@example.org,5768327135
1141,Thomas,Holt,cassandra38@example.com,001-487-290-6048x8693
1142,Heather,Deleon,jordanreed@example.org,+1-289-727-3961x59764
1143,James,Douglas,robert07@example.net,+1-677-455-4261x903
1144,Megan,Woods,ibrady@example.com,001-932-802-2271x1175
1145,Catherine,Novak,hendersonbrian@example.com,(598)251-4486
1146,Nicholas,Case,amoses@example.org,001-322-602-6980
1147,Jack,Sanders,dpoole@example.com,+1-501-977-0316
1148,Paige,Williams,gina04@example.net,532.367.2446
1149,Michelle,Alexander,kimberly63@example.net,4837906540
1150,Christina,Salazar,daniel93@example.net,+1-832-572-7281x291
1151,Michael,Williams,bbrown@example.net,(776)252-7284x53974
1152,Shawn,Smith,aturner@example.com,001-275-460-2080x1929
1153,Jacob,Jones,kimberly43@example.net,4447890932
1154,Susan,Wright,adamjackson@example.com,502-755-5019
1155,Justin,Hogan,perezrichard@example.net,+1-684-539-3332
1156,Phillip,Martin,zanderson@example.net,3594831244
1157,Nichole,Brown,karen65@example.net,+1-992-601-2376x317
1158,Brianna,Ramirez,escobarpatrick@example.net,001-341-593-7591x92267
1159,Cory,Watson,banderson@example.com,952.586.4612x0961
1160,Anthony,Duncan,donnasuarez@example.com,324-603-2115x35505
1161,Jason,Ingram,perkinsdaniel@example.org,+1-408-477-9724x79254
1162,Tara,Shaw,jeanking@example.net,581-592-0487x70676
1163,Nicole,Todd,wgomez@example.net,7257784640
1164,Jill,Moreno,teresaflores@example.com,001-472-762-0846x729
1165,Kevin,Robinson,jillian19@example.com,(482)722-5018
1166,Jessica,Alvarado,tjackson@example.com,(486)439-4201
1167,John,Hill,ashley29@example.org,8962627026
1168,Jose,Guerra,maria09@example.com,(532)517-4003x91019
1169,Nathan,Gonzalez,dennisevans@example.com,419-936-0060
1170,Todd,Johnson,hcampbell@example.net,001-760-576-2643x8500
1171,Steven,Gonzalez,bdavis@example.net,(631)633-6109
1172,Jennifer,Hanna,derrick31@example.com,(944)813-7277x685
1173,Patricia,Goodwin,ntrevino@example.com,+1-942-290-4617x551
1174,Whitney,Huff,kharvey@example.org,(642)602-4837
1175,Kelsey,Miller,rjackson@example.com,(753)586-9479x02548
1176,Nicholas,Juarez,chansen@example.com,001-572-738-6410x095
1177,Connie,Edwards,greg64@example.org,999-800-9378x14604
1178,Jillian,Carter,hwagner@example.com,837-906-6187x564
1179,David,Mcdowell,richardmiddleton@example.org,(941)485-8990x027
1180,Barbara,Rodriguez,matthew78@example.com,5435566050
1181,Sean,Melendez,jasonsanders@example.net,930.667.1822x266
1182,Kimberly,Mendez,gromero@example.com,938-859-0673x96342
1183,Andrew,Anthony,melanie49@example.org,(817)904-8618
1184,Anthony,Myers,maryfarmer@example.com,001-429-907-3992x89198
1185,David,Moore,tammy33@example.com,870-686-4942
1186,Eric,Clark,teresamiller@example.org,449-301-4599x67069
1187,Christina,Weiss,xlee@example.com,+1-982-343-8843x021
1188,Robert,Shaw,hughesnicholas@example.net,331-758-9016x492
1189,Aaron,Ayers,wilsonbrian@example.net,(264)307-0308
1190,Shawn,Morales,carolineperry@example.org,+1-444-985-0072x8895
1191,Crystal,Davis,bfernandez@example.net,+1-419-261-2766x20808
1192,John,Wilson,reidlinda@example.com,644.743.5962
1193,Yesenia,Becker,fyoder@example.org,2423425369
1194,Sheila,Moore,stephenwright@example.org,+1-949-276-0396
1195,David,Webster,nicholasanderson@example.net,205-553-6481x8754
1196,Morgan,Wilcox,mary88@example.org,859-877-3854
1197,Edwin,Gonzalez,jerryjohnson@example.com,999.486.4912x594
1198,Dennis,Williams,jacob86@example.org,(369)992-0666
1199,Stacy,Carroll,wthompson@example.com,+1-899-929-9833x587
1200,Jennifer,Hayes,nathannorman@example.org,513-548-2084x9315
1201,Theresa,Greene,vickiepowell@example.org,3146407629
1202,Joyce,Stanley,harrelljessica@example.net,734-410-3897
1203,Rachel,Bridges,landerson@example.net,+1-765-464-2240
1204,Brian,White,marie09@example.com,(869)419-4896x29805
1205,Natasha,Miller,john07@example.net,(961)686-9572x40434
1206,David,Martin,tamaradouglas@example.com,+1-795-261-0077x73217
1207,Jeremiah,Miller,tammythomas@example.com,+1-599-619-3873x370
1208,Jessica,Patrick,joshua74@example.net,+1-304-276-0786x235
1209,Heather,Ruiz,charles91@example.com,+1-708-851-7328x9514
1210,James,Scott,grantmichael@example.org,(558)311-5744x965
1211,Sandra,Williams,anicholson@example.org,409-430-4541x8403
1212,Christopher,Ryan,briannalong@example.org,001-403-885-8864x07880
1213,Marc,Franklin,christopher64@example.net,(693)233-5623x03974
1214,Wesley,Hunter,gillmary@example.com,3893870920
1215,Amber,Sharp,michelle11@example.org,+1-426-861-1584x85805
1216,John,Barrett,wheelerrichard@example.com,722.605.3970x774
1217,Kenneth,Barber,boyererika@example.net,001-623-817-1461x99539
1218,Nancy,Tucker,icuevas@example.com,(435)896-0530
1219,Charles,Nichols,andersontodd@example.net,803.868.6050x630
1220,John,Calderon,bradley81@example.net,+1-364-409-8910x3909
1221,Brian,Yang,thomasderek@example.net,452-837-5979x531
1222,Bobby,Hanson,dwilliams@example.com,645.744.9205x4894
1223,Jeffrey,Davis,mccoydavid@example.net,+1-465-758-3445x662
1224,Edward,Snyder,swilliams@example.com,(603)961-6248x6070
1225,Michelle,Moore,zwinters@example.org,(735)515-8501
1226,Erin,Jones,erinwalters@example.org,(671)656-0587x90522
1227,Charles,Sanchez,kyle94@example.org,001-364-353-1579x057
1228,Katherine,Randolph,vgraham@example.com,001-969-636-5618x335
1229,Courtney,Hansen,apayne@example.com,+1-470-423-7718x43019
1230,Anthony,Ward,mallen@example.org,001-497-732-3964x402
1231,John,Martin,ddonovan@example.com,+1-792-442-7739x238
1232,Brandon,Allen,andrewdavis@example.net,6164933284
1233,Jason,Phillips,jacobsalicia@example.net,8752515452
1234,Robin,Ramos,mcarroll@example.net,538-531-0064
1235,Emily,Lopez,uhaney@example.org,(277)877-3316
1236,Richard,Evans,zjohnson@example.com,7384503605
1237,Claire,Flynn,crystalmiller@example.org,+1-874-902-7406x7582
1238,Robert,Watson,wilkinsonrussell@example.org,8033638564
1239,Justin,West,brooke93@example.org,239.797.9849x14986
1240,Lisa,Smith,carla32@example.com,001-364-332-2394x61212
1241,Mark,Roberts,jeremy00@example.net,627-962-2398
1242,Kevin,Serrano,matthewespinoza@example.net,771.688.8223x78870
1243,Carlos,Boyd,uterry@example.org,001-249-756-4799x846
1244,Zachary,Parks,ashley63@example.net,+1-230-297-2361
1245,Audrey,Taylor,cruzdavid@example.org,(755)957-8645x78655
1246,Michael,Esparza,jonathanjordan@example.org,4066875868
1247,Felicia,Howard,qreyes@example.com,922-644-4189
1248,Adam,Solis,jamesrussell@example.net,(608)635-7017x03630
1249,Eric,Lewis,cbrown@example.net,808-398-3094x13490
1250,Madison,Alvarez,kparrish@example.com,(845)628-4135
1251,Alisha,Evans,marshallmichael@example.com,001-274-480-9573x94059
1252,Diane,Reynolds,jenniferking@example.org,+1-903-515-8925x8490
1253,Megan,Hernandez,colemanning@example.net,874.686.7595x141
1254,Victoria,Mcdaniel,jamesmason@example.net,(895)486-8419
1255,John,Miranda,tashajordan@example.net,+1-358-969-4276x7483
1256,James,Smith,lwhite@example.org,+1-715-618-1788x24265
1257,Robert,Dunn,mahoneysarah@example.org,(272)437-1798
1258,Nicole,Perez,johnsonlisa@example.com,848-970-8477x95417
1259,Lee,Harris,zhangnatalie@example.net,+1-390-773-7815
1260,Troy,Brown,mike96@example.org,(283)984-8876x3802
1261,Raymond,Hernandez,lmaldonado@example.org,+1-390-451-8812x9886
1262,Lisa,Johnson,zsmith@example.com,001-490-810-7923x729
1263,Angela,Barry,joshuamccarthy@example.net,(849)570-3506x75789
1264,Wendy,Lee,hannah07@example.com,712.931.5550
1265,Erica,Johnson,dawnwarren@example.net,+1-338-344-4045x883
1266,Larry,Parker,ptapia@example.net,323-750-3687
1267,Courtney,Long,manningbrandi@example.com,697.680.2344x568
1268,Robert,Kennedy,angel36@example.net,(340)716-3295x73783
1269,Brandi,Jimenez,kmccarthy@example.net,001-327-731-8683x029
1270,Angie,Dorsey,dawn33@example.org,216-951-8548x3966
1271,Renee,Evans,tbradford@example.com,(821)359-5841x7491
1272,Scott,Rogers,priscillajones@example.net,669-981-4134
1273,Paul,Preston,lisa37@example.com,702-292-8643x3026
1274,Barbara,Brewer,lmann@example.org,+1-836-867-7196
1275,Ryan,Miller,wendyfrancis@example.org,320-522-2349x980
1276,Jessica,Stanton,patriciafreeman@example.net,001-601-677-9152x4461
1277,Anthony,Martin,kimberlybell@example.com,465-864-2601x8637
1278,Jeffery,Bradley,jill69@example.net,559-722-7764x14900
1279,Aaron,White,matthew34@example.com,+1-548-567-2288x39047
1280,Carl,Buckley,nicholas15@example.net,949.732.5114x9788
1281,Jason,Anderson,robertsbrandy@example.com,777.266.1830
1282,Brian,Sharp,fhanna@example.com,991.851.1436
1283,George,Garcia,tuckeramy@example.net,210.896.8564x257
1284,Dawn,Pearson,thomasronald@example.net,+1-233-415-4230x60023
1285,Susan,Reynolds,tiffany50@example.net,722-341-1420x66701
1286,Jonathan,Rodgers,andrewbird@example.com,(433)482-2224x00539
1287,Elizabeth,Williams,btaylor@example.org,+1-590-411-3484x33913
1288,Michael,Holmes,hoganeric@example.net,+1-645-664-5234x286
1289,Chelsea,Patterson,thompsonbrandy@example.com,(734)420-9536x77349
1290,Christy,Greer,richard15@example.net,(866)455-9147
1291,Mitchell,Sanchez,harveyrobert@example.com,447-653-3695
1292,Natalie,Waters,sandra66@example.net,535-838-9629x85324
1293,Troy,Vargas,dakota71@example.org,+1-876-538-3543x4685
1294,Elizabeth,Johnson,longamanda@example.com,001-379-739-9816
1295,Michelle,Nunez,garciapenny@example.net,+1-937-410-3073x7260
1296,Kimberly,Mejia,hillchristina@example.com,+1-408-326-4931
1297,Tiffany,Sanders,brittanyevans@example.com,(325)942-9264x5633
1298,Dillon,Galvan,alexander69@example.com,811.526.6497x19670
1299,Jeffery,Walker,johnsonstephanie@example.org,(659)201-6399
1300,Kathleen,Miller,jessestanton@example.org,267.334.8140x9841
1301,Michelle,Snyder,benjaminmcknight@example.net,216-604-9910
1302,Diana,Livingston,hernandezanna@example.com,(616)780-1990x34213
1303,Kevin,Green,wendyclark@example.org,560-879-1791
1304,Brian,Nguyen,sgarcia@example.org,313.621.9402x4702
1305,Christopher,Anderson,trosales@example.com,(971)893-6785
1306,Kelly,Patterson,allenkristina@example.org,4745916194
1307,Darlene,Wilson,natalie13@example.org,735-406-9626x16845
1308,Yesenia,Thompson,esingh@example.org,(654)771-7989
1309,Ronald,Munoz,tinajohnson@example.org,001-656-475-6355
1310,Melissa,Lopez,bryantpeter@example.org,001-356-550-4607x00144
1311,Adam,Cardenas,qcallahan@example.org,001-387-910-0668x904
1312,Derek,Taylor,mrussell@example.net,001-411-652-2328x2228
1313,Alexander,Ramirez,michelle83@example.com,+1-399-540-0410x847
1314,Nathan,Casey,boylemichael@example.org,001-753-957-2289x20641
1315,Angela,Williams,bwarren@example.org,+1-501-604-1945
1316,Chris,Cook,kristindixon@example.org,+1-544-278-6742x8021
1317,Paul,Avila,jzavala@example.net,001-603-578-9121x397
1318,Lynn,Powell,floresmartin@example.com,(875)899-4084x290
1319,Ashley,Williams,michael28@example.net,+1-960-561-0656
1320,Jesus,Avila,scott01@example.com,727-561-3681x49802
1321,Cynthia,Hunt,timothyross@example.net,(796)244-4772
1322,Amanda,Leonard,juliesantana@example.org,648.300.4172
1323,Jennifer,Peterson,uburke@example.net,457-749-0627x96024
1324,Shannon,Allen,jeffreythomas@example.com,+1-694-252-3158x28630
1325,Rhonda,Taylor,slong@example.net,+1-617-321-7429x220
1326,Richard,Weaver,rebeccahoward@example.org,001-526-469-3706
1327,Lori,Walton,davidhall@example.org,504.585.0220x61901
1328,Jason,Montgomery,fmunoz@example.net,8004029561
1329,Jack,Peterson,holly18@example.net,(759)540-7992x304
1330,Derrick,Young,dcurtis@example.com,+1-914-256-4743
1331,Kimberly,Wilson,sierra53@example.net,+1-911-877-6665x052
1332,Carl,Johnson,angelaunderwood@example.net,978-906-1902x23116
1333,Andrew,Soto,nchen@example.com,422.337.1859
1334,Misty,Gray,deborah56@example.org,711.542.9430x0037
1335,Ashley,Medina,morganwarner@example.org,524.465.9866
1336,Tara,Fischer,dakota83@example.net,265.891.5382x0114
1337,Linda,Martin,llong@example.com,935.712.7245x533
1338,Emily,Edwards,aaustin@example.com,678.849.6224x94510
1339,Colleen,Edwards,klane@example.com,568-751-2062x76729
1340,Jacqueline,Austin,jonathanwiley@example.org,429-514-6502
1341,Kelly,Snyder,mitchellmichael@example.com,001-497-325-1840x7033
1342,Kelly,Peters,kimlee@example.net,001-520-894-5167x6706
1343,Crystal,Lambert,hgonzalez@example.org,(820)608-4842
1344,Kerri,Kane,jamesmullins@example.com,896.208.2896x713
1345,Melissa,Bowman,catherine46@example.net,(508)456-4901
1346,Jose,Wood,odonnellsarah@example.com,7012154617
1347,Amber,Williams,mitchelldanielle@example.org,504-331-5668x5135
1348,Joshua,Brewer,ucollins@example.com,903.909.0168x56471
1349,Ana,Johnson,mooresteven@example.net,369-388-3716
1350,Michael,Reilly,hpollard@example.com,519-597-6759
1351,Ernest,Jones,ballmichelle@example.com,+1-735-834-5819
1352,Mark,Thornton,john33@example.net,+1-298-324-2662x1775
1353,Erin,Ryan,sarah68@example.com,+1-930-830-2853x272
1354,Russell,Castro,jonathanjones@example.com,001-902-552-8546x1308
1355,Shelly,Smith,umartinez@example.org,+1-473-782-7777x1184
1356,David,Oconnor,xgonzalez@example.net,4075121024
1357,Kenneth,Roberts,pamelabrandt@example.com,001-777-871-9619x9716
1358,Michael,Ross,crussell@example.net,+1-468-633-4400x952
1359,Sierra,Downs,xfleming@example.org,001-279-732-2191x43907
1360,Heather,Mendoza,robertfarmer@example.com,291.215.0101x6260
1361,Dennis,Bailey,elizabethkirk@example.com,+1-378-433-5488x357
1362,Daniel,Duncan,qhudson@example.com,386.964.3203
1363,Heather,Roth,jhenderson@example.net,(446)685-4927
1364,Aaron,Cochran,andrewmyers@example.org,746-605-1908
1365,Jared,Thomas,moralesdenise@example.net,2333563693
1366,Rebecca,Brown,lawrencealicia@example.net,001-231-487-8104
1367,Alison,Haas,matthewcrane@example.org,389-529-0930x43766
1368,Kayla,Long,huntlisa@example.org,(968)215-9474
1369,Monica,Pruitt,charlesclayton@example.org,5589330967
1370,Christine,Roberts,codyrichards@example.org,001-842-969-3765x0167
1371,Hannah,Garcia,imendoza@example.net,883.463.6885x01627
1372,Brittany,White,ggraham@example.net,209.937.6165x22898
1373,Kelly,Silva,ariana12@example.com,597-777-2659x76408
1374,Susan,Patel,anthony14@example.org,001-871-765-7893x91295
1375,Laurie,Ferguson,hmiller@example.com,960.905.0092x44928
1376,Michael,Ford,simsdawn@example.org,001-830-211-2501
1377,Trevor,Jackson,moralesdawn@example.com,(222)833-6931
1378,Gary,Williams,bfowler@example.org,226-762-4975x374
1379,Troy,Casey,romankathryn@example.com,(695)767-4068x7354
1380,Jeffery,Rivera,campbelldiana@example.net,+1-565-783-4834
1381,Diana,Duffy,melissacollier@example.org,(664)585-3207x75870
1382,Erik,Stephenson,nwise@example.net,744.236.9580
1383,Kathryn,Tyler,lauren50@example.net,(584)667-2007
1384,Gerald,Odom,ashleyterry@example.com,272.395.4503
1385,Robert,Rogers,daniel02@example.net,001-304-450-2814x353
1386,Regina,Carlson,madisonchristensen@example.net,001-753-411-1235x90426
1387,Nicole,Montoya,andreapittman@example.com,(551)708-5738
1388,Michael,Peterson,greenkatherine@example.org,+1-519-935-1174x555
1389,Holly,Bradshaw,ltaylor@example.net,467-333-7461
1390,Elizabeth,Rivas,sylvia26@example.com,926-808-4818
1391,Ernest,Lawrence,colemanjim@example.net,(730)439-9516x70450
1392,Samantha,Martinez,ralexander@example.org,(734)338-8804
1393,Diane,Santos,thomascathy@example.org,(745)702-8231x3427
1394,Scott,Owens,rodriguezmark@example.net,8447318343
1395,Jeffrey,Pope,jenningsmelissa@example.net,001-377-911-5062
1396,Cassidy,Price,lisa73@example.org,516.829.1087x39221
1397,Ashley,Jones,scott76@example.com,905-629-8770
1398,Michael,Larson,brooksjames@example.com,250-502-0268x387
1399,Julie,Collins,nicole29@example.com,767.660.3040x93467
1400,Colleen,Herrera,johncoleman@example.net,201-738-2721
1401,Craig,Sanchez,ibrown@example.com,(520)413-8825
1402,Anthony,Pierce,ginajones@example.net,(881)263-6038x9173
1403,Steven,Dixon,deborah67@example.org,9002521410
1404,Stephen,Hamilton,ann08@example.net,612-737-0851x19194
1405,Jordan,Cox,zthomas@example.com,861-492-7671x37718
1406,Meghan,Allen,richard26@example.com,001-978-630-5573x71388
1407,Madeline,Williams,jeffrios@example.net,001-646-314-4662x76330
1408,Charles,Bryant,suttongrant@example.net,852-548-3196
1409,Paige,Perry,qjohnson@example.com,268-296-9870x36883
1410,Joshua,Robinson,richardperez@example.org,001-659-322-9127x06593
1411,Bradley,Baker,rnewton@example.org,001-611-987-2282
1412,David,Lee,herrerasean@example.net,001-960-275-7898x49749
1413,Leslie,Spears,danielmartinez@example.com,+1-365-265-8189
1414,Ryan,Vasquez,richard31@example.com,812.397.5572
1415,Robert,Torres,davismary@example.org,899.990.6820x13071
1416,Michael,Pope,dannywalker@example.net,661.231.7985
1417,Karen,Williams,sanchezemily@example.net,(345)485-8356x399
1418,Timothy,Ramirez,cassandramoore@example.com,001-451-374-1925x81476
1419,Lori,Frey,richardjohnson@example.net,+1-563-699-4541
1420,Lucas,Davis,drobinson@example.net,807.696.8590
1421,Michael,Kramer,rtaylor@example.net,7893921773
1422,Robert,Romero,wileyjason@example.net,636.470.7217x3402
1423,Debra,Lucas,clifford98@example.net,206.332.3654
1424,Patricia,Garcia,kelly24@example.net,720-324-3509x476
1425,David,Fitzgerald,vsandoval@example.com,309-594-1475x398
1426,Taylor,Flores,kevinnguyen@example.org,+1-690-482-6110x35659
1427,Kara,Wheeler,austinfrye@example.org,866.369.6922x9533
1428,Ashley,Davis,weberamber@example.org,+1-409-534-2424x066
1429,Joseph,Lee,emily89@example.org,643.275.1866
1430,William,Parsons,lisa24@example.org,001-782-269-2855x0743
1431,Becky,Reed,chelsea70@example.org,001-369-964-5359
1432,Richard,Williams,jmartinez@example.net,900.599.5428
1433,Sarah,Odom,icole@example.net,001-247-306-1706
1434,Meghan,Howell,millertabitha@example.org,847.215.6756x65051
1435,Gina,Cruz,jose23@example.com,001-735-896-9850x450
1436,Ricky,Zimmerman,toddcollins@example.org,001-342-686-1789x257
1437,Susan,Richard,lpatterson@example.com,581-763-8493x6806
1438,William,Walker,johnsonchristopher@example.org,789.469.5193x048
1439,Rebecca,Mckee,hstevens@example.com,001-670-536-5620x36344
1440,Courtney,Scott,tburgess@example.org,818.312.3357
1441,Thomas,Kirby,westjeffrey@example.org,844.957.7626x263
1442,Amanda,Horton,qcervantes@example.com,001-959-644-3485x29537
1443,Natalie,Booth,thomasowens@example.net,940.742.0767x5149
1444,James,Davis,karen33@example.org,+1-490-500-9406x565
1445,Julie,Bowen,john56@example.com,252.632.6600
1446,Steven,Foley,jonesjill@example.com,001-856-711-9989
1447,Victoria,Miller,vegalucas@example.org,001-874-966-1447x7618
1448,Elizabeth,Ramirez,aquinn@example.com,+1-268-329-0525x65995
1449,Joshua,Martin,heathersmith@example.org,001-527-864-0547
1450,Gregg,Moore,brian13@example.org,+1-566-304-7473
1451,Jon,Quinn,gary74@example.com,(403)559-4410
1452,Krista,Castillo,marygay@example.net,001-566-247-7413x1351
1453,Donald,Palmer,josephduffy@example.com,001-758-715-3988x52178
1454,Natalie,Roman,lambalexandra@example.net,+1-512-586-5581x67592
1455,Sherri,Davis,larrygill@example.net,580-603-8146
1456,David,Lawson,larrymoore@example.net,+1-459-973-0912x185
1457,Rebecca,Phillips,phillipsrichard@example.org,515.255.3015
1458,James,Stokes,alex78@example.org,+1-510-696-5984x55766
1459,Mark,Mercado,loganjudy@example.org,+1-691-326-9945x206
1460,Sarah,Lowery,johnsonteresa@example.net,001-866-491-0082x2421
1461,Robert,Gordon,edwinmiller@example.com,(962)369-9620x834
1462,Julie,Smith,donaldmarsh@example.net,+1-957-622-8703x2200
1463,Angelica,Gilbert,jonathanlee@example.com,729-251-4520
1464,Jasmine,Hernandez,ysmith@example.org,880-722-4065x4747
1465,Bobby,Riley,monica89@example.net,966-943-0165x56238
1466,Jessica,James,nterry@example.net,213.360.6229
1467,Victoria,Lloyd,angelasmith@example.com,394.671.9903x8035
1468,Melody,Meyer,jessica82@example.net,001-244-719-1479
1469,Jesus,Alexander,briannaandrade@example.net,(873)809-5326x70848
1470,Mary,Rivera,brittanyjackson@example.net,+1-582-228-2801x83235
1471,Samuel,Hicks,ronald46@example.com,(778)909-6458x37449
1472,Matthew,Miller,daisy17@example.com,(359)628-9748x741
1473,Tara,Cruz,roymorris@example.org,001-719-397-6453x4965
1474,Katrina,Osborne,hcollins@example.net,(278)396-3009x3582
1475,Randy,Lee,millerjill@example.net,922.842.2848x3492
1476,Robert,Williams,ryan01@example.net,704.803.3480x15373
1477,Ricardo,Burgess,mcfarlandmark@example.com,(905)439-2609x67462
1478,Brandon,Cook,randallhorton@example.com,+1-791-219-2856x728
1479,George,Miller,tara38@example.org,8774558212
1480,Robert,Robinson,raymond84@example.com,001-360-978-9075x1991
1481,Timothy,Wood,ashleywatts@example.com,449-525-3164
1482,Zachary,Schneider,cnelson@example.com,(565)690-7055x494
1483,Jeffrey,Cannon,gsandoval@example.com,(792)520-9490x76341
1484,Michael,Ford,mcknightelizabeth@example.org,554-377-3494
1485,Lori,Hopkins,wanderson@example.com,885.764.1354x741
1486,Nancy,Brooks,christineedwards@example.org,(985)655-8095
1487,Marissa,Cox,valdezrichard@example.org,341.636.2334x70407
1488,Richard,Watkins,gschultz@example.com,001-579-973-4185x5950
1489,Sheila,Watson,djohnson@example.org,296.210.1759
1490,Katherine,Gonzales,bentleysteve@example.net,890-478-6928x551
1491,Daniel,Yates,elizabethtownsend@example.net,(276)935-3673x55896
1492,Brian,Anderson,josephmiller@example.org,251.939.0143
1493,Renee,Collins,nreid@example.org,(263)957-9671x48030
1494,Emily,Perez,kim65@example.net,(960)682-5263
1495,Jasmine,Marsh,oliviashields@example.net,(469)811-2232x1425
1496,Christopher,Rodriguez,iclarke@example.net,(859)746-5744
1497,Isabel,White,joshua11@example.net,285-713-6738
1498,Drew,Harris,vaughnjavier@example.net,(684)518-4714x62201
1499,James,Morris,lamdaniel@example.com,(883)660-3087
1500,Taylor,Webb,esparzadoris@example.com,(818)437-6295x07671
